ISO-10303-21;
HEADER;
/* Generated by software containing ST-Developer
 * from STEP Tools, Inc. (www.steptools.com) 
 */

FILE_DESCRIPTION(
/* description */ (''),
/* implementation_level */ '2;1');

FILE_NAME(
/* name */ 'Nav Panel Backplate.stp',
/* time_stamp */ '2026-05-23T14:18:05-04:00',
/* author */ ('rgoff'),
/* organization */ (''),
/* preprocessor_version */ 'ST-DEVELOPER v20',
/* originating_system */ 'Autodesk Inventor 2024',
/* authorisation */ '');

FILE_SCHEMA (('AUTOMOTIVE_DESIGN { 1 0 10303 214 3 1 1 }'));
ENDSEC;

DATA;
#10=MECHANICAL_DESIGN_GEOMETRIC_PRESENTATION_REPRESENTATION('',(#13),#3741);
#11=SHAPE_REPRESENTATION_RELATIONSHIP('SRR','None',#3752,#12);
#12=ADVANCED_BREP_SHAPE_REPRESENTATION('',(#14),#3740);
#13=STYLED_ITEM('',(#3761),#14);
#14=MANIFOLD_SOLID_BREP('Solid1',#2241);
#15=FACE_BOUND('',#305,.T.);
#16=FACE_BOUND('',#308,.T.);
#17=FACE_BOUND('',#311,.T.);
#18=FACE_BOUND('',#312,.T.);
#19=FACE_BOUND('',#313,.T.);
#20=FACE_BOUND('',#314,.T.);
#21=FACE_BOUND('',#315,.T.);
#22=FACE_BOUND('',#316,.T.);
#23=FACE_BOUND('',#317,.T.);
#24=FACE_BOUND('',#318,.T.);
#25=FACE_BOUND('',#319,.T.);
#26=FACE_BOUND('',#320,.T.);
#27=FACE_BOUND('',#321,.T.);
#28=FACE_BOUND('',#322,.T.);
#29=FACE_BOUND('',#323,.T.);
#30=FACE_BOUND('',#324,.T.);
#31=FACE_BOUND('',#382,.T.);
#32=FACE_BOUND('',#383,.T.);
#33=FACE_BOUND('',#384,.T.);
#34=FACE_BOUND('',#385,.T.);
#35=FACE_BOUND('',#386,.T.);
#36=FACE_BOUND('',#387,.T.);
#37=FACE_BOUND('',#388,.T.);
#38=FACE_BOUND('',#389,.T.);
#39=FACE_BOUND('',#390,.T.);
#40=FACE_BOUND('',#391,.T.);
#41=CIRCLE('',#2284,0.0531496062992126);
#42=CIRCLE('',#2285,0.0531496062992126);
#43=CIRCLE('',#2287,0.0531496062992126);
#44=CIRCLE('',#2288,0.0531496062992126);
#45=CIRCLE('',#2290,0.118110236220472);
#46=CIRCLE('',#2291,0.118110236220472);
#47=CIRCLE('',#2294,0.118110236220473);
#48=CIRCLE('',#2295,0.118110236220473);
#49=CIRCLE('',#2298,0.06);
#50=CIRCLE('',#2299,0.06);
#51=CIRCLE('',#2301,0.06);
#52=CIRCLE('',#2302,0.06);
#53=CIRCLE('',#2303,0.06);
#54=CIRCLE('',#2304,0.2);
#55=CIRCLE('',#2305,0.2);
#56=CIRCLE('',#2306,0.2);
#57=CIRCLE('',#2307,0.2);
#58=CIRCLE('',#2308,0.2);
#59=CIRCLE('',#2309,0.2);
#60=CIRCLE('',#2310,0.075);
#61=CIRCLE('',#2311,0.075);
#62=CIRCLE('',#2312,0.075);
#63=CIRCLE('',#2313,0.06);
#64=CIRCLE('',#2314,0.06);
#65=CIRCLE('',#2315,0.06);
#66=CIRCLE('',#2316,0.06);
#67=CIRCLE('',#2317,0.06);
#68=CIRCLE('',#2318,0.06);
#69=CIRCLE('',#2319,0.06);
#70=CIRCLE('',#2320,0.06);
#71=CIRCLE('',#2321,0.06);
#72=CIRCLE('',#2322,0.06);
#73=CIRCLE('',#2323,0.06);
#74=CIRCLE('',#2324,0.06);
#75=CIRCLE('',#2325,0.06);
#76=CIRCLE('',#2326,0.06);
#77=CIRCLE('',#2327,0.06);
#78=CIRCLE('',#2328,0.06);
#79=CIRCLE('',#2329,0.0749999999999999);
#80=CIRCLE('',#2330,0.06);
#81=CIRCLE('',#2331,0.06);
#82=CIRCLE('',#2332,0.06);
#83=CIRCLE('',#2333,0.06);
#84=CIRCLE('',#2334,0.06);
#85=CIRCLE('',#2335,0.06);
#86=CIRCLE('',#2336,0.06);
#87=CIRCLE('',#2337,0.06);
#88=CIRCLE('',#2340,0.06);
#89=CIRCLE('',#2342,0.06);
#90=CIRCLE('',#2345,0.06);
#91=CIRCLE('',#2348,0.06);
#92=CIRCLE('',#2351,0.06);
#93=CIRCLE('',#2354,0.06);
#94=CIRCLE('',#2356,0.06);
#95=CIRCLE('',#2359,0.06);
#96=CIRCLE('',#2362,0.06);
#97=CIRCLE('',#2365,0.06);
#98=CIRCLE('',#2368,0.06);
#99=CIRCLE('',#2370,0.06);
#100=CIRCLE('',#2373,0.06);
#101=CIRCLE('',#2376,0.06);
#102=CIRCLE('',#2378,0.06);
#103=CIRCLE('',#2381,0.06);
#104=CIRCLE('',#2384,0.06);
#105=CIRCLE('',#2387,0.06);
#106=CIRCLE('',#2389,0.06);
#107=CIRCLE('',#2392,0.06);
#108=CIRCLE('',#2394,0.06);
#109=CIRCLE('',#2396,0.06);
#110=CIRCLE('',#2398,0.06);
#111=CIRCLE('',#2401,0.06);
#112=CIRCLE('',#2403,0.06);
#113=CIRCLE('',#2405,0.06);
#114=CIRCLE('',#2408,0.06);
#115=CIRCLE('',#2410,0.2);
#116=CIRCLE('',#2413,0.2);
#117=CIRCLE('',#2416,0.2);
#118=CIRCLE('',#2418,0.2);
#119=CIRCLE('',#2421,0.2);
#120=CIRCLE('',#2424,0.2);
#121=CIRCLE('',#2428,0.075);
#122=CIRCLE('',#2429,0.075);
#123=CIRCLE('',#2430,0.075);
#124=CIRCLE('',#2431,0.0749999999999999);
#125=CYLINDRICAL_SURFACE('',#2283,0.0531496062992126);
#126=CYLINDRICAL_SURFACE('',#2286,0.0531496062992126);
#127=CYLINDRICAL_SURFACE('',#2289,0.118110236220472);
#128=CYLINDRICAL_SURFACE('',#2293,0.118110236220473);
#129=CYLINDRICAL_SURFACE('',#2297,0.06);
#130=CYLINDRICAL_SURFACE('',#2339,0.06);
#131=CYLINDRICAL_SURFACE('',#2341,0.06);
#132=CYLINDRICAL_SURFACE('',#2344,0.06);
#133=CYLINDRICAL_SURFACE('',#2347,0.06);
#134=CYLINDRICAL_SURFACE('',#2350,0.06);
#135=CYLINDRICAL_SURFACE('',#2353,0.06);
#136=CYLINDRICAL_SURFACE('',#2355,0.06);
#137=CYLINDRICAL_SURFACE('',#2358,0.06);
#138=CYLINDRICAL_SURFACE('',#2361,0.06);
#139=CYLINDRICAL_SURFACE('',#2364,0.06);
#140=CYLINDRICAL_SURFACE('',#2367,0.06);
#141=CYLINDRICAL_SURFACE('',#2369,0.06);
#142=CYLINDRICAL_SURFACE('',#2372,0.06);
#143=CYLINDRICAL_SURFACE('',#2375,0.06);
#144=CYLINDRICAL_SURFACE('',#2377,0.06);
#145=CYLINDRICAL_SURFACE('',#2380,0.06);
#146=CYLINDRICAL_SURFACE('',#2383,0.06);
#147=CYLINDRICAL_SURFACE('',#2386,0.06);
#148=CYLINDRICAL_SURFACE('',#2388,0.06);
#149=CYLINDRICAL_SURFACE('',#2391,0.06);
#150=CYLINDRICAL_SURFACE('',#2393,0.06);
#151=CYLINDRICAL_SURFACE('',#2395,0.06);
#152=CYLINDRICAL_SURFACE('',#2397,0.06);
#153=CYLINDRICAL_SURFACE('',#2400,0.06);
#154=CYLINDRICAL_SURFACE('',#2402,0.06);
#155=CYLINDRICAL_SURFACE('',#2404,0.06);
#156=CYLINDRICAL_SURFACE('',#2407,0.06);
#157=CYLINDRICAL_SURFACE('',#2409,0.2);
#158=CYLINDRICAL_SURFACE('',#2412,0.2);
#159=CYLINDRICAL_SURFACE('',#2415,0.2);
#160=CYLINDRICAL_SURFACE('',#2417,0.2);
#161=CYLINDRICAL_SURFACE('',#2420,0.2);
#162=CYLINDRICAL_SURFACE('',#2423,0.2);
#163=CYLINDRICAL_SURFACE('',#2449,0.0749999999999999);
#164=CYLINDRICAL_SURFACE('',#2450,0.075);
#165=CYLINDRICAL_SURFACE('',#2451,0.075);
#166=CYLINDRICAL_SURFACE('',#2453,0.075);
#167=FACE_OUTER_BOUND('',#281,.T.);
#168=FACE_OUTER_BOUND('',#282,.T.);
#169=FACE_OUTER_BOUND('',#283,.T.);
#170=FACE_OUTER_BOUND('',#284,.T.);
#171=FACE_OUTER_BOUND('',#285,.T.);
#172=FACE_OUTER_BOUND('',#286,.T.);
#173=FACE_OUTER_BOUND('',#287,.T.);
#174=FACE_OUTER_BOUND('',#288,.T.);
#175=FACE_OUTER_BOUND('',#289,.T.);
#176=FACE_OUTER_BOUND('',#290,.T.);
#177=FACE_OUTER_BOUND('',#291,.T.);
#178=FACE_OUTER_BOUND('',#292,.T.);
#179=FACE_OUTER_BOUND('',#293,.T.);
#180=FACE_OUTER_BOUND('',#294,.T.);
#181=FACE_OUTER_BOUND('',#295,.T.);
#182=FACE_OUTER_BOUND('',#296,.T.);
#183=FACE_OUTER_BOUND('',#297,.T.);
#184=FACE_OUTER_BOUND('',#298,.T.);
#185=FACE_OUTER_BOUND('',#299,.T.);
#186=FACE_OUTER_BOUND('',#300,.T.);
#187=FACE_OUTER_BOUND('',#301,.T.);
#188=FACE_OUTER_BOUND('',#302,.T.);
#189=FACE_OUTER_BOUND('',#303,.T.);
#190=FACE_OUTER_BOUND('',#304,.T.);
#191=FACE_OUTER_BOUND('',#306,.T.);
#192=FACE_OUTER_BOUND('',#307,.T.);
#193=FACE_OUTER_BOUND('',#309,.T.);
#194=FACE_OUTER_BOUND('',#310,.T.);
#195=FACE_OUTER_BOUND('',#325,.T.);
#196=FACE_OUTER_BOUND('',#326,.T.);
#197=FACE_OUTER_BOUND('',#327,.T.);
#198=FACE_OUTER_BOUND('',#328,.T.);
#199=FACE_OUTER_BOUND('',#329,.T.);
#200=FACE_OUTER_BOUND('',#330,.T.);
#201=FACE_OUTER_BOUND('',#331,.T.);
#202=FACE_OUTER_BOUND('',#332,.T.);
#203=FACE_OUTER_BOUND('',#333,.T.);
#204=FACE_OUTER_BOUND('',#334,.T.);
#205=FACE_OUTER_BOUND('',#335,.T.);
#206=FACE_OUTER_BOUND('',#336,.T.);
#207=FACE_OUTER_BOUND('',#337,.T.);
#208=FACE_OUTER_BOUND('',#338,.T.);
#209=FACE_OUTER_BOUND('',#339,.T.);
#210=FACE_OUTER_BOUND('',#340,.T.);
#211=FACE_OUTER_BOUND('',#341,.T.);
#212=FACE_OUTER_BOUND('',#342,.T.);
#213=FACE_OUTER_BOUND('',#343,.T.);
#214=FACE_OUTER_BOUND('',#344,.T.);
#215=FACE_OUTER_BOUND('',#345,.T.);
#216=FACE_OUTER_BOUND('',#346,.T.);
#217=FACE_OUTER_BOUND('',#347,.T.);
#218=FACE_OUTER_BOUND('',#348,.T.);
#219=FACE_OUTER_BOUND('',#349,.T.);
#220=FACE_OUTER_BOUND('',#350,.T.);
#221=FACE_OUTER_BOUND('',#351,.T.);
#222=FACE_OUTER_BOUND('',#352,.T.);
#223=FACE_OUTER_BOUND('',#353,.T.);
#224=FACE_OUTER_BOUND('',#354,.T.);
#225=FACE_OUTER_BOUND('',#355,.T.);
#226=FACE_OUTER_BOUND('',#356,.T.);
#227=FACE_OUTER_BOUND('',#357,.T.);
#228=FACE_OUTER_BOUND('',#358,.T.);
#229=FACE_OUTER_BOUND('',#359,.T.);
#230=FACE_OUTER_BOUND('',#360,.T.);
#231=FACE_OUTER_BOUND('',#361,.T.);
#232=FACE_OUTER_BOUND('',#362,.T.);
#233=FACE_OUTER_BOUND('',#363,.T.);
#234=FACE_OUTER_BOUND('',#364,.T.);
#235=FACE_OUTER_BOUND('',#365,.T.);
#236=FACE_OUTER_BOUND('',#366,.T.);
#237=FACE_OUTER_BOUND('',#367,.T.);
#238=FACE_OUTER_BOUND('',#368,.T.);
#239=FACE_OUTER_BOUND('',#369,.T.);
#240=FACE_OUTER_BOUND('',#370,.T.);
#241=FACE_OUTER_BOUND('',#371,.T.);
#242=FACE_OUTER_BOUND('',#372,.T.);
#243=FACE_OUTER_BOUND('',#373,.T.);
#244=FACE_OUTER_BOUND('',#374,.T.);
#245=FACE_OUTER_BOUND('',#375,.T.);
#246=FACE_OUTER_BOUND('',#376,.T.);
#247=FACE_OUTER_BOUND('',#377,.T.);
#248=FACE_OUTER_BOUND('',#378,.T.);
#249=FACE_OUTER_BOUND('',#379,.T.);
#250=FACE_OUTER_BOUND('',#380,.T.);
#251=FACE_OUTER_BOUND('',#381,.T.);
#252=FACE_OUTER_BOUND('',#392,.T.);
#253=FACE_OUTER_BOUND('',#393,.T.);
#254=FACE_OUTER_BOUND('',#394,.T.);
#255=FACE_OUTER_BOUND('',#395,.T.);
#256=FACE_OUTER_BOUND('',#396,.T.);
#257=FACE_OUTER_BOUND('',#397,.T.);
#258=FACE_OUTER_BOUND('',#398,.T.);
#259=FACE_OUTER_BOUND('',#399,.T.);
#260=FACE_OUTER_BOUND('',#400,.T.);
#261=FACE_OUTER_BOUND('',#401,.T.);
#262=FACE_OUTER_BOUND('',#402,.T.);
#263=FACE_OUTER_BOUND('',#403,.T.);
#264=FACE_OUTER_BOUND('',#404,.T.);
#265=FACE_OUTER_BOUND('',#405,.T.);
#266=FACE_OUTER_BOUND('',#406,.T.);
#267=FACE_OUTER_BOUND('',#407,.T.);
#268=FACE_OUTER_BOUND('',#408,.T.);
#269=FACE_OUTER_BOUND('',#409,.T.);
#270=FACE_OUTER_BOUND('',#410,.T.);
#271=FACE_OUTER_BOUND('',#411,.T.);
#272=FACE_OUTER_BOUND('',#412,.T.);
#273=FACE_OUTER_BOUND('',#413,.T.);
#274=FACE_OUTER_BOUND('',#414,.T.);
#275=FACE_OUTER_BOUND('',#415,.T.);
#276=FACE_OUTER_BOUND('',#416,.T.);
#277=FACE_OUTER_BOUND('',#417,.T.);
#278=FACE_OUTER_BOUND('',#418,.T.);
#279=FACE_OUTER_BOUND('',#419,.T.);
#280=FACE_OUTER_BOUND('',#420,.T.);
#281=EDGE_LOOP('',(#1419,#1420,#1421,#1422));
#282=EDGE_LOOP('',(#1423,#1424,#1425,#1426));
#283=EDGE_LOOP('',(#1427,#1428,#1429,#1430));
#284=EDGE_LOOP('',(#1431,#1432,#1433,#1434));
#285=EDGE_LOOP('',(#1435,#1436,#1437,#1438));
#286=EDGE_LOOP('',(#1439,#1440,#1441,#1442));
#287=EDGE_LOOP('',(#1443,#1444,#1445,#1446));
#288=EDGE_LOOP('',(#1447,#1448,#1449,#1450));
#289=EDGE_LOOP('',(#1451,#1452,#1453,#1454));
#290=EDGE_LOOP('',(#1455,#1456,#1457,#1458));
#291=EDGE_LOOP('',(#1459,#1460,#1461,#1462));
#292=EDGE_LOOP('',(#1463,#1464,#1465,#1466));
#293=EDGE_LOOP('',(#1467,#1468,#1469,#1470));
#294=EDGE_LOOP('',(#1471,#1472,#1473,#1474));
#295=EDGE_LOOP('',(#1475,#1476,#1477,#1478));
#296=EDGE_LOOP('',(#1479,#1480,#1481,#1482));
#297=EDGE_LOOP('',(#1483,#1484,#1485,#1486));
#298=EDGE_LOOP('',(#1487,#1488,#1489,#1490));
#299=EDGE_LOOP('',(#1491,#1492,#1493,#1494));
#300=EDGE_LOOP('',(#1495,#1496,#1497,#1498));
#301=EDGE_LOOP('',(#1499,#1500,#1501,#1502));
#302=EDGE_LOOP('',(#1503,#1504,#1505,#1506));
#303=EDGE_LOOP('',(#1507,#1508,#1509,#1510));
#304=EDGE_LOOP('',(#1511));
#305=EDGE_LOOP('',(#1512));
#306=EDGE_LOOP('',(#1513,#1514,#1515,#1516));
#307=EDGE_LOOP('',(#1517));
#308=EDGE_LOOP('',(#1518));
#309=EDGE_LOOP('',(#1519,#1520,#1521,#1522));
#310=EDGE_LOOP('',(#1523,#1524,#1525,#1526));
#311=EDGE_LOOP('',(#1527,#1528,#1529,#1530));
#312=EDGE_LOOP('',(#1531,#1532,#1533,#1534));
#313=EDGE_LOOP('',(#1535,#1536,#1537,#1538));
#314=EDGE_LOOP('',(#1539,#1540,#1541,#1542));
#315=EDGE_LOOP('',(#1543));
#316=EDGE_LOOP('',(#1544));
#317=EDGE_LOOP('',(#1545,#1546,#1547,#1548,#1549,#1550,#1551,#1552,#1553,
#1554,#1555,#1556));
#318=EDGE_LOOP('',(#1557,#1558,#1559,#1560,#1561,#1562,#1563,#1564,#1565,
#1566,#1567,#1568,#1569,#1570,#1571,#1572,#1573,#1574,#1575,#1576));
#319=EDGE_LOOP('',(#1577));
#320=EDGE_LOOP('',(#1578));
#321=EDGE_LOOP('',(#1579));
#322=EDGE_LOOP('',(#1580,#1581,#1582,#1583,#1584,#1585,#1586,#1587,#1588,
#1589,#1590,#1591,#1592,#1593,#1594,#1595,#1596,#1597,#1598,#1599,#1600,
#1601,#1602,#1603,#1604,#1605));
#323=EDGE_LOOP('',(#1606));
#324=EDGE_LOOP('',(#1607,#1608,#1609,#1610,#1611,#1612,#1613,#1614,#1615,
#1616,#1617,#1618,#1619,#1620,#1621,#1622));
#325=EDGE_LOOP('',(#1623,#1624,#1625,#1626));
#326=EDGE_LOOP('',(#1627,#1628,#1629,#1630));
#327=EDGE_LOOP('',(#1631,#1632,#1633,#1634));
#328=EDGE_LOOP('',(#1635,#1636,#1637,#1638));
#329=EDGE_LOOP('',(#1639,#1640,#1641,#1642));
#330=EDGE_LOOP('',(#1643,#1644,#1645,#1646));
#331=EDGE_LOOP('',(#1647,#1648,#1649,#1650));
#332=EDGE_LOOP('',(#1651,#1652,#1653,#1654));
#333=EDGE_LOOP('',(#1655,#1656,#1657,#1658));
#334=EDGE_LOOP('',(#1659,#1660,#1661,#1662));
#335=EDGE_LOOP('',(#1663,#1664,#1665,#1666));
#336=EDGE_LOOP('',(#1667,#1668,#1669,#1670));
#337=EDGE_LOOP('',(#1671,#1672,#1673,#1674));
#338=EDGE_LOOP('',(#1675,#1676,#1677,#1678));
#339=EDGE_LOOP('',(#1679,#1680,#1681,#1682));
#340=EDGE_LOOP('',(#1683,#1684,#1685,#1686));
#341=EDGE_LOOP('',(#1687,#1688,#1689,#1690));
#342=EDGE_LOOP('',(#1691,#1692,#1693,#1694));
#343=EDGE_LOOP('',(#1695,#1696,#1697,#1698));
#344=EDGE_LOOP('',(#1699,#1700,#1701,#1702));
#345=EDGE_LOOP('',(#1703,#1704,#1705,#1706));
#346=EDGE_LOOP('',(#1707,#1708,#1709,#1710));
#347=EDGE_LOOP('',(#1711,#1712,#1713,#1714));
#348=EDGE_LOOP('',(#1715,#1716,#1717,#1718));
#349=EDGE_LOOP('',(#1719,#1720,#1721,#1722));
#350=EDGE_LOOP('',(#1723,#1724,#1725,#1726));
#351=EDGE_LOOP('',(#1727,#1728,#1729,#1730));
#352=EDGE_LOOP('',(#1731,#1732,#1733,#1734));
#353=EDGE_LOOP('',(#1735,#1736,#1737,#1738));
#354=EDGE_LOOP('',(#1739,#1740,#1741,#1742));
#355=EDGE_LOOP('',(#1743,#1744,#1745,#1746));
#356=EDGE_LOOP('',(#1747,#1748,#1749,#1750));
#357=EDGE_LOOP('',(#1751,#1752,#1753,#1754));
#358=EDGE_LOOP('',(#1755,#1756,#1757,#1758));
#359=EDGE_LOOP('',(#1759,#1760,#1761,#1762));
#360=EDGE_LOOP('',(#1763,#1764,#1765,#1766));
#361=EDGE_LOOP('',(#1767,#1768,#1769,#1770));
#362=EDGE_LOOP('',(#1771,#1772,#1773,#1774));
#363=EDGE_LOOP('',(#1775,#1776,#1777,#1778));
#364=EDGE_LOOP('',(#1779,#1780,#1781,#1782));
#365=EDGE_LOOP('',(#1783,#1784,#1785,#1786));
#366=EDGE_LOOP('',(#1787,#1788,#1789,#1790));
#367=EDGE_LOOP('',(#1791,#1792,#1793,#1794));
#368=EDGE_LOOP('',(#1795,#1796,#1797,#1798));
#369=EDGE_LOOP('',(#1799,#1800,#1801,#1802));
#370=EDGE_LOOP('',(#1803,#1804,#1805,#1806));
#371=EDGE_LOOP('',(#1807,#1808,#1809,#1810));
#372=EDGE_LOOP('',(#1811,#1812,#1813,#1814));
#373=EDGE_LOOP('',(#1815,#1816,#1817,#1818));
#374=EDGE_LOOP('',(#1819,#1820,#1821,#1822));
#375=EDGE_LOOP('',(#1823,#1824,#1825,#1826));
#376=EDGE_LOOP('',(#1827,#1828,#1829,#1830));
#377=EDGE_LOOP('',(#1831,#1832,#1833,#1834));
#378=EDGE_LOOP('',(#1835,#1836,#1837,#1838));
#379=EDGE_LOOP('',(#1839,#1840,#1841,#1842));
#380=EDGE_LOOP('',(#1843,#1844,#1845,#1846));
#381=EDGE_LOOP('',(#1847,#1848,#1849,#1850));
#382=EDGE_LOOP('',(#1851));
#383=EDGE_LOOP('',(#1852));
#384=EDGE_LOOP('',(#1853,#1854,#1855,#1856,#1857,#1858,#1859,#1860,#1861,
#1862,#1863,#1864,#1865,#1866,#1867,#1868,#1869,#1870,#1871,#1872));
#385=EDGE_LOOP('',(#1873,#1874,#1875,#1876,#1877,#1878,#1879,#1880,#1881,
#1882,#1883,#1884,#1885,#1886,#1887,#1888,#1889,#1890,#1891,#1892,#1893,
#1894,#1895,#1896,#1897,#1898));
#386=EDGE_LOOP('',(#1899,#1900,#1901,#1902,#1903,#1904,#1905,#1906,#1907,
#1908,#1909,#1910,#1911,#1912,#1913,#1914));
#387=EDGE_LOOP('',(#1915,#1916,#1917,#1918,#1919,#1920,#1921,#1922));
#388=EDGE_LOOP('',(#1923));
#389=EDGE_LOOP('',(#1924));
#390=EDGE_LOOP('',(#1925));
#391=EDGE_LOOP('',(#1926));
#392=EDGE_LOOP('',(#1927,#1928,#1929,#1930));
#393=EDGE_LOOP('',(#1931,#1932,#1933,#1934));
#394=EDGE_LOOP('',(#1935,#1936,#1937));
#395=EDGE_LOOP('',(#1938,#1939,#1940,#1941));
#396=EDGE_LOOP('',(#1942,#1943,#1944));
#397=EDGE_LOOP('',(#1945,#1946,#1947,#1948));
#398=EDGE_LOOP('',(#1949,#1950,#1951));
#399=EDGE_LOOP('',(#1952,#1953,#1954,#1955));
#400=EDGE_LOOP('',(#1956,#1957,#1958));
#401=EDGE_LOOP('',(#1959,#1960,#1961,#1962,#1963,#1964));
#402=EDGE_LOOP('',(#1965,#1966,#1967,#1968));
#403=EDGE_LOOP('',(#1969,#1970,#1971,#1972));
#404=EDGE_LOOP('',(#1973,#1974,#1975,#1976,#1977,#1978));
#405=EDGE_LOOP('',(#1979,#1980,#1981,#1982));
#406=EDGE_LOOP('',(#1983,#1984,#1985,#1986,#1987,#1988,#1989,#1990));
#407=EDGE_LOOP('',(#1991,#1992,#1993,#1994));
#408=EDGE_LOOP('',(#1995,#1996,#1997,#1998));
#409=EDGE_LOOP('',(#1999,#2000,#2001,#2002));
#410=EDGE_LOOP('',(#2003,#2004,#2005,#2006));
#411=EDGE_LOOP('',(#2007,#2008,#2009,#2010));
#412=EDGE_LOOP('',(#2011,#2012,#2013,#2014));
#413=EDGE_LOOP('',(#2015,#2016,#2017,#2018));
#414=EDGE_LOOP('',(#2019,#2020,#2021,#2022));
#415=EDGE_LOOP('',(#2023,#2024,#2025,#2026,#2027,#2028,#2029,#2030));
#416=EDGE_LOOP('',(#2031,#2032,#2033,#2034,#2035,#2036,#2037,#2038));
#417=EDGE_LOOP('',(#2039,#2040,#2041,#2042));
#418=EDGE_LOOP('',(#2043,#2044,#2045,#2046));
#419=EDGE_LOOP('',(#2047,#2048,#2049,#2050));
#420=EDGE_LOOP('',(#2051,#2052,#2053,#2054));
#421=LINE('',#3097,#655);
#422=LINE('',#3099,#656);
#423=LINE('',#3101,#657);
#424=LINE('',#3102,#658);
#425=LINE('',#3105,#659);
#426=LINE('',#3107,#660);
#427=LINE('',#3108,#661);
#428=LINE('',#3111,#662);
#429=LINE('',#3113,#663);
#430=LINE('',#3114,#664);
#431=LINE('',#3116,#665);
#432=LINE('',#3117,#666);
#433=LINE('',#3122,#667);
#434=LINE('',#3124,#668);
#435=LINE('',#3126,#669);
#436=LINE('',#3127,#670);
#437=LINE('',#3130,#671);
#438=LINE('',#3132,#672);
#439=LINE('',#3133,#673);
#440=LINE('',#3136,#674);
#441=LINE('',#3138,#675);
#442=LINE('',#3139,#676);
#443=LINE('',#3141,#677);
#444=LINE('',#3142,#678);
#445=LINE('',#3147,#679);
#446=LINE('',#3149,#680);
#447=LINE('',#3151,#681);
#448=LINE('',#3152,#682);
#449=LINE('',#3155,#683);
#450=LINE('',#3157,#684);
#451=LINE('',#3158,#685);
#452=LINE('',#3161,#686);
#453=LINE('',#3163,#687);
#454=LINE('',#3164,#688);
#455=LINE('',#3166,#689);
#456=LINE('',#3167,#690);
#457=LINE('',#3172,#691);
#458=LINE('',#3174,#692);
#459=LINE('',#3176,#693);
#460=LINE('',#3177,#694);
#461=LINE('',#3180,#695);
#462=LINE('',#3182,#696);
#463=LINE('',#3183,#697);
#464=LINE('',#3186,#698);
#465=LINE('',#3188,#699);
#466=LINE('',#3189,#700);
#467=LINE('',#3191,#701);
#468=LINE('',#3192,#702);
#469=LINE('',#3198,#703);
#470=LINE('',#3204,#704);
#471=LINE('',#3210,#705);
#472=LINE('',#3217,#706);
#473=LINE('',#3225,#707);
#474=LINE('',#3228,#708);
#475=LINE('',#3232,#709);
#476=LINE('',#3234,#710);
#477=LINE('',#3236,#711);
#478=LINE('',#3237,#712);
#479=LINE('',#3240,#713);
#480=LINE('',#3242,#714);
#481=LINE('',#3244,#715);
#482=LINE('',#3246,#716);
#483=LINE('',#3248,#717);
#484=LINE('',#3250,#718);
#485=LINE('',#3252,#719);
#486=LINE('',#3254,#720);
#487=LINE('',#3256,#721);
#488=LINE('',#3258,#722);
#489=LINE('',#3260,#723);
#490=LINE('',#3261,#724);
#491=LINE('',#3263,#725);
#492=LINE('',#3267,#726);
#493=LINE('',#3271,#727);
#494=LINE('',#3275,#728);
#495=LINE('',#3279,#729);
#496=LINE('',#3283,#730);
#497=LINE('',#3287,#731);
#498=LINE('',#3291,#732);
#499=LINE('',#3295,#733);
#500=LINE('',#3298,#734);
#501=LINE('',#3309,#735);
#502=LINE('',#3315,#736);
#503=LINE('',#3321,#737);
#504=LINE('',#3325,#738);
#505=LINE('',#3329,#739);
#506=LINE('',#3335,#740);
#507=LINE('',#3341,#741);
#508=LINE('',#3347,#742);
#509=LINE('',#3351,#743);
#510=LINE('',#3355,#744);
#511=LINE('',#3363,#745);
#512=LINE('',#3367,#746);
#513=LINE('',#3371,#747);
#514=LINE('',#3375,#748);
#515=LINE('',#3379,#749);
#516=LINE('',#3383,#750);
#517=LINE('',#3387,#751);
#518=LINE('',#3390,#752);
#519=LINE('',#3393,#753);
#520=LINE('',#3394,#754);
#521=LINE('',#3398,#755);
#522=LINE('',#3401,#756);
#523=LINE('',#3404,#757);
#524=LINE('',#3406,#758);
#525=LINE('',#3411,#759);
#526=LINE('',#3412,#760);
#527=LINE('',#3414,#761);
#528=LINE('',#3417,#762);
#529=LINE('',#3420,#763);
#530=LINE('',#3423,#764);
#531=LINE('',#3424,#765);
#532=LINE('',#3427,#766);
#533=LINE('',#3430,#767);
#534=LINE('',#3433,#768);
#535=LINE('',#3434,#769);
#536=LINE('',#3438,#770);
#537=LINE('',#3441,#771);
#538=LINE('',#3444,#772);
#539=LINE('',#3447,#773);
#540=LINE('',#3448,#774);
#541=LINE('',#3451,#775);
#542=LINE('',#3454,#776);
#543=LINE('',#3457,#777);
#544=LINE('',#3458,#778);
#545=LINE('',#3461,#779);
#546=LINE('',#3464,#780);
#547=LINE('',#3466,#781);
#548=LINE('',#3471,#782);
#549=LINE('',#3472,#783);
#550=LINE('',#3475,#784);
#551=LINE('',#3476,#785);
#552=LINE('',#3480,#786);
#553=LINE('',#3483,#787);
#554=LINE('',#3486,#788);
#555=LINE('',#3488,#789);
#556=LINE('',#3493,#790);
#557=LINE('',#3494,#791);
#558=LINE('',#3497,#792);
#559=LINE('',#3498,#793);
#560=LINE('',#3502,#794);
#561=LINE('',#3505,#795);
#562=LINE('',#3508,#796);
#563=LINE('',#3511,#797);
#564=LINE('',#3514,#798);
#565=LINE('',#3517,#799);
#566=LINE('',#3518,#800);
#567=LINE('',#3521,#801);
#568=LINE('',#3524,#802);
#569=LINE('',#3526,#803);
#570=LINE('',#3529,#804);
#571=LINE('',#3533,#805);
#572=LINE('',#3537,#806);
#573=LINE('',#3538,#807);
#574=LINE('',#3541,#808);
#575=LINE('',#3549,#809);
#576=LINE('',#3552,#810);
#577=LINE('',#3555,#811);
#578=LINE('',#3556,#812);
#579=LINE('',#3561,#813);
#580=LINE('',#3562,#814);
#581=LINE('',#3568,#815);
#582=LINE('',#3571,#816);
#583=LINE('',#3572,#817);
#584=LINE('',#3577,#818);
#585=LINE('',#3580,#819);
#586=LINE('',#3583,#820);
#587=LINE('',#3584,#821);
#588=LINE('',#3589,#822);
#589=LINE('',#3590,#823);
#590=LINE('',#3593,#824);
#591=LINE('',#3594,#825);
#592=LINE('',#3598,#826);
#593=LINE('',#3601,#827);
#594=LINE('',#3604,#828);
#595=LINE('',#3606,#829);
#596=LINE('',#3609,#830);
#597=LINE('',#3612,#831);
#598=LINE('',#3614,#832);
#599=LINE('',#3617,#833);
#600=LINE('',#3620,#834);
#601=LINE('',#3622,#835);
#602=LINE('',#3626,#836);
#603=LINE('',#3628,#837);
#604=LINE('',#3630,#838);
#605=LINE('',#3631,#839);
#606=LINE('',#3632,#840);
#607=LINE('',#3633,#841);
#608=LINE('',#3634,#842);
#609=LINE('',#3635,#843);
#610=LINE('',#3636,#844);
#611=LINE('',#3639,#845);
#612=LINE('',#3641,#846);
#613=LINE('',#3643,#847);
#614=LINE('',#3645,#848);
#615=LINE('',#3647,#849);
#616=LINE('',#3649,#850);
#617=LINE('',#3651,#851);
#618=LINE('',#3652,#852);
#619=LINE('',#3664,#853);
#620=LINE('',#3666,#854);
#621=LINE('',#3667,#855);
#622=LINE('',#3670,#856);
#623=LINE('',#3671,#857);
#624=LINE('',#3674,#858);
#625=LINE('',#3676,#859);
#626=LINE('',#3677,#860);
#627=LINE('',#3680,#861);
#628=LINE('',#3681,#862);
#629=LINE('',#3684,#863);
#630=LINE('',#3686,#864);
#631=LINE('',#3687,#865);
#632=LINE('',#3690,#866);
#633=LINE('',#3691,#867);
#634=LINE('',#3694,#868);
#635=LINE('',#3696,#869);
#636=LINE('',#3697,#870);
#637=LINE('',#3700,#871);
#638=LINE('',#3701,#872);
#639=LINE('',#3703,#873);
#640=LINE('',#3704,#874);
#641=LINE('',#3706,#875);
#642=LINE('',#3708,#876);
#643=LINE('',#3709,#877);
#644=LINE('',#3711,#878);
#645=LINE('',#3714,#879);
#646=LINE('',#3718,#880);
#647=LINE('',#3720,#881);
#648=LINE('',#3722,#882);
#649=LINE('',#3725,#883);
#650=LINE('',#3728,#884);
#651=LINE('',#3731,#885);
#652=LINE('',#3732,#886);
#653=LINE('',#3734,#887);
#654=LINE('',#3736,#888);
#655=VECTOR('',#2465,0.393700787401575);
#656=VECTOR('',#2466,0.393700787401575);
#657=VECTOR('',#2467,0.393700787401575);
#658=VECTOR('',#2468,0.393700787401575);
#659=VECTOR('',#2471,0.393700787401575);
#660=VECTOR('',#2472,0.393700787401575);
#661=VECTOR('',#2473,0.393700787401575);
#662=VECTOR('',#2476,0.393700787401575);
#663=VECTOR('',#2477,0.393700787401575);
#664=VECTOR('',#2478,0.393700787401575);
#665=VECTOR('',#2481,0.393700787401575);
#666=VECTOR('',#2482,0.393700787401575);
#667=VECTOR('',#2487,0.393700787401575);
#668=VECTOR('',#2488,0.393700787401575);
#669=VECTOR('',#2489,0.393700787401575);
#670=VECTOR('',#2490,0.393700787401575);
#671=VECTOR('',#2493,0.393700787401575);
#672=VECTOR('',#2494,0.393700787401575);
#673=VECTOR('',#2495,0.393700787401575);
#674=VECTOR('',#2498,0.393700787401575);
#675=VECTOR('',#2499,0.393700787401575);
#676=VECTOR('',#2500,0.393700787401575);
#677=VECTOR('',#2503,0.393700787401575);
#678=VECTOR('',#2504,0.393700787401575);
#679=VECTOR('',#2509,0.393700787401575);
#680=VECTOR('',#2510,0.393700787401575);
#681=VECTOR('',#2511,0.393700787401575);
#682=VECTOR('',#2512,0.393700787401575);
#683=VECTOR('',#2515,0.393700787401575);
#684=VECTOR('',#2516,0.393700787401575);
#685=VECTOR('',#2517,0.393700787401575);
#686=VECTOR('',#2520,0.393700787401575);
#687=VECTOR('',#2521,0.393700787401575);
#688=VECTOR('',#2522,0.393700787401575);
#689=VECTOR('',#2525,0.393700787401575);
#690=VECTOR('',#2526,0.393700787401575);
#691=VECTOR('',#2531,0.393700787401575);
#692=VECTOR('',#2532,0.393700787401575);
#693=VECTOR('',#2533,0.393700787401575);
#694=VECTOR('',#2534,0.393700787401575);
#695=VECTOR('',#2537,0.393700787401575);
#696=VECTOR('',#2538,0.393700787401575);
#697=VECTOR('',#2539,0.393700787401575);
#698=VECTOR('',#2542,0.393700787401575);
#699=VECTOR('',#2543,0.393700787401575);
#700=VECTOR('',#2544,0.393700787401575);
#701=VECTOR('',#2547,0.393700787401575);
#702=VECTOR('',#2548,0.393700787401575);
#703=VECTOR('',#2555,0.0531496062992126);
#704=VECTOR('',#2562,0.0531496062992126);
#705=VECTOR('',#2569,0.118110236220472);
#706=VECTOR('',#2578,0.118110236220473);
#707=VECTOR('',#2587,0.393700787401575);
#708=VECTOR('',#2590,0.393700787401575);
#709=VECTOR('',#2593,0.393700787401575);
#710=VECTOR('',#2594,0.393700787401575);
#711=VECTOR('',#2595,0.393700787401575);
#712=VECTOR('',#2596,0.393700787401575);
#713=VECTOR('',#2597,0.393700787401575);
#714=VECTOR('',#2598,0.393700787401575);
#715=VECTOR('',#2599,0.393700787401575);
#716=VECTOR('',#2600,0.393700787401575);
#717=VECTOR('',#2601,0.393700787401575);
#718=VECTOR('',#2602,0.393700787401575);
#719=VECTOR('',#2603,0.393700787401575);
#720=VECTOR('',#2604,0.393700787401575);
#721=VECTOR('',#2605,0.393700787401575);
#722=VECTOR('',#2606,0.393700787401575);
#723=VECTOR('',#2607,0.393700787401575);
#724=VECTOR('',#2608,0.393700787401575);
#725=VECTOR('',#2609,0.393700787401575);
#726=VECTOR('',#2612,0.393700787401575);
#727=VECTOR('',#2615,0.393700787401575);
#728=VECTOR('',#2618,0.393700787401575);
#729=VECTOR('',#2621,0.393700787401575);
#730=VECTOR('',#2624,0.393700787401575);
#731=VECTOR('',#2627,0.393700787401575);
#732=VECTOR('',#2630,0.393700787401575);
#733=VECTOR('',#2633,0.393700787401575);
#734=VECTOR('',#2636,0.393700787401575);
#735=VECTOR('',#2645,0.393700787401575);
#736=VECTOR('',#2650,0.393700787401575);
#737=VECTOR('',#2655,0.393700787401575);
#738=VECTOR('',#2658,0.393700787401575);
#739=VECTOR('',#2661,0.393700787401575);
#740=VECTOR('',#2666,0.393700787401575);
#741=VECTOR('',#2671,0.393700787401575);
#742=VECTOR('',#2676,0.393700787401575);
#743=VECTOR('',#2679,0.393700787401575);
#744=VECTOR('',#2682,0.393700787401575);
#745=VECTOR('',#2689,0.393700787401575);
#746=VECTOR('',#2692,0.393700787401575);
#747=VECTOR('',#2695,0.393700787401575);
#748=VECTOR('',#2698,0.393700787401575);
#749=VECTOR('',#2701,0.393700787401575);
#750=VECTOR('',#2704,0.393700787401575);
#751=VECTOR('',#2707,0.393700787401575);
#752=VECTOR('',#2710,0.393700787401575);
#753=VECTOR('',#2713,0.393700787401575);
#754=VECTOR('',#2714,0.393700787401575);
#755=VECTOR('',#2719,0.393700787401575);
#756=VECTOR('',#2722,0.393700787401575);
#757=VECTOR('',#2725,0.393700787401575);
#758=VECTOR('',#2728,0.393700787401575);
#759=VECTOR('',#2733,0.393700787401575);
#760=VECTOR('',#2734,0.393700787401575);
#761=VECTOR('',#2737,0.393700787401575);
#762=VECTOR('',#2740,0.393700787401575);
#763=VECTOR('',#2743,0.393700787401575);
#764=VECTOR('',#2746,0.393700787401575);
#765=VECTOR('',#2747,0.393700787401575);
#766=VECTOR('',#2750,0.393700787401575);
#767=VECTOR('',#2753,0.393700787401575);
#768=VECTOR('',#2756,0.06);
#769=VECTOR('',#2757,0.393700787401575);
#770=VECTOR('',#2762,0.393700787401575);
#771=VECTOR('',#2765,0.393700787401575);
#772=VECTOR('',#2768,0.393700787401575);
#773=VECTOR('',#2771,0.06);
#774=VECTOR('',#2772,0.393700787401575);
#775=VECTOR('',#2775,0.393700787401575);
#776=VECTOR('',#2778,0.393700787401575);
#777=VECTOR('',#2781,0.393700787401575);
#778=VECTOR('',#2782,0.393700787401575);
#779=VECTOR('',#2785,0.393700787401575);
#780=VECTOR('',#2788,0.393700787401575);
#781=VECTOR('',#2791,0.393700787401575);
#782=VECTOR('',#2796,0.393700787401575);
#783=VECTOR('',#2797,0.393700787401575);
#784=VECTOR('',#2800,0.393700787401575);
#785=VECTOR('',#2801,0.393700787401575);
#786=VECTOR('',#2806,0.393700787401575);
#787=VECTOR('',#2809,0.393700787401575);
#788=VECTOR('',#2812,0.393700787401575);
#789=VECTOR('',#2815,0.393700787401575);
#790=VECTOR('',#2820,0.393700787401575);
#791=VECTOR('',#2821,0.393700787401575);
#792=VECTOR('',#2824,0.393700787401575);
#793=VECTOR('',#2825,0.393700787401575);
#794=VECTOR('',#2830,0.393700787401575);
#795=VECTOR('',#2833,0.393700787401575);
#796=VECTOR('',#2838,0.393700787401575);
#797=VECTOR('',#2841,0.393700787401575);
#798=VECTOR('',#2844,0.393700787401575);
#799=VECTOR('',#2847,0.393700787401575);
#800=VECTOR('',#2848,0.393700787401575);
#801=VECTOR('',#2851,0.393700787401575);
#802=VECTOR('',#2854,0.393700787401575);
#803=VECTOR('',#2857,0.393700787401575);
#804=VECTOR('',#2860,0.393700787401575);
#805=VECTOR('',#2865,0.06);
#806=VECTOR('',#2870,0.06);
#807=VECTOR('',#2871,0.393700787401575);
#808=VECTOR('',#2874,0.06);
#809=VECTOR('',#2887,0.393700787401575);
#810=VECTOR('',#2890,0.393700787401575);
#811=VECTOR('',#2893,0.393700787401575);
#812=VECTOR('',#2894,0.393700787401575);
#813=VECTOR('',#2899,0.393700787401575);
#814=VECTOR('',#2900,0.393700787401575);
#815=VECTOR('',#2909,0.06);
#816=VECTOR('',#2912,0.393700787401575);
#817=VECTOR('',#2913,0.393700787401575);
#818=VECTOR('',#2920,0.393700787401575);
#819=VECTOR('',#2923,0.393700787401575);
#820=VECTOR('',#2926,0.393700787401575);
#821=VECTOR('',#2927,0.393700787401575);
#822=VECTOR('',#2932,0.393700787401575);
#823=VECTOR('',#2933,0.393700787401575);
#824=VECTOR('',#2936,0.393700787401575);
#825=VECTOR('',#2937,0.393700787401575);
#826=VECTOR('',#2942,0.393700787401575);
#827=VECTOR('',#2945,0.393700787401575);
#828=VECTOR('',#2948,0.393700787401575);
#829=VECTOR('',#2951,0.393700787401575);
#830=VECTOR('',#2954,0.393700787401575);
#831=VECTOR('',#2957,0.393700787401575);
#832=VECTOR('',#2960,0.393700787401575);
#833=VECTOR('',#2963,0.393700787401575);
#834=VECTOR('',#2968,0.393700787401575);
#835=VECTOR('',#2971,0.393700787401575);
#836=VECTOR('',#2974,0.393700787401575);
#837=VECTOR('',#2975,0.393700787401575);
#838=VECTOR('',#2976,0.393700787401575);
#839=VECTOR('',#2977,0.393700787401575);
#840=VECTOR('',#2978,0.393700787401575);
#841=VECTOR('',#2979,0.393700787401575);
#842=VECTOR('',#2980,0.393700787401575);
#843=VECTOR('',#2981,0.393700787401575);
#844=VECTOR('',#2982,0.393700787401575);
#845=VECTOR('',#2983,0.393700787401575);
#846=VECTOR('',#2984,0.393700787401575);
#847=VECTOR('',#2985,0.393700787401575);
#848=VECTOR('',#2986,0.393700787401575);
#849=VECTOR('',#2987,0.393700787401575);
#850=VECTOR('',#2988,0.393700787401575);
#851=VECTOR('',#2989,0.393700787401575);
#852=VECTOR('',#2990,0.393700787401575);
#853=VECTOR('',#3003,0.393700787401575);
#854=VECTOR('',#3004,0.393700787401575);
#855=VECTOR('',#3005,0.393700787401575);
#856=VECTOR('',#3008,0.393700787401575);
#857=VECTOR('',#3009,0.393700787401575);
#858=VECTOR('',#3012,0.393700787401575);
#859=VECTOR('',#3013,0.393700787401575);
#860=VECTOR('',#3014,0.393700787401575);
#861=VECTOR('',#3017,0.393700787401575);
#862=VECTOR('',#3018,0.393700787401575);
#863=VECTOR('',#3021,0.393700787401575);
#864=VECTOR('',#3022,0.393700787401575);
#865=VECTOR('',#3023,0.393700787401575);
#866=VECTOR('',#3026,0.393700787401575);
#867=VECTOR('',#3027,0.393700787401575);
#868=VECTOR('',#3030,0.393700787401575);
#869=VECTOR('',#3031,0.393700787401575);
#870=VECTOR('',#3032,0.393700787401575);
#871=VECTOR('',#3035,0.393700787401575);
#872=VECTOR('',#3036,0.393700787401575);
#873=VECTOR('',#3039,0.393700787401575);
#874=VECTOR('',#3040,0.393700787401575);
#875=VECTOR('',#3043,0.393700787401575);
#876=VECTOR('',#3046,0.393700787401575);
#877=VECTOR('',#3047,0.393700787401575);
#878=VECTOR('',#3050,0.393700787401575);
#879=VECTOR('',#3055,0.393700787401575);
#880=VECTOR('',#3062,0.0749999999999999);
#881=VECTOR('',#3065,0.075);
#882=VECTOR('',#3068,0.075);
#883=VECTOR('',#3073,0.075);
#884=VECTOR('',#3078,0.393700787401575);
#885=VECTOR('',#3083,0.393700787401575);
#886=VECTOR('',#3084,0.393700787401575);
#887=VECTOR('',#3087,0.393700787401575);
#888=VECTOR('',#3090,0.393700787401575);
#889=VERTEX_POINT('',#3095);
#890=VERTEX_POINT('',#3096);
#891=VERTEX_POINT('',#3098);
#892=VERTEX_POINT('',#3100);
#893=VERTEX_POINT('',#3104);
#894=VERTEX_POINT('',#3106);
#895=VERTEX_POINT('',#3110);
#896=VERTEX_POINT('',#3112);
#897=VERTEX_POINT('',#3120);
#898=VERTEX_POINT('',#3121);
#899=VERTEX_POINT('',#3123);
#900=VERTEX_POINT('',#3125);
#901=VERTEX_POINT('',#3129);
#902=VERTEX_POINT('',#3131);
#903=VERTEX_POINT('',#3135);
#904=VERTEX_POINT('',#3137);
#905=VERTEX_POINT('',#3145);
#906=VERTEX_POINT('',#3146);
#907=VERTEX_POINT('',#3148);
#908=VERTEX_POINT('',#3150);
#909=VERTEX_POINT('',#3154);
#910=VERTEX_POINT('',#3156);
#911=VERTEX_POINT('',#3160);
#912=VERTEX_POINT('',#3162);
#913=VERTEX_POINT('',#3170);
#914=VERTEX_POINT('',#3171);
#915=VERTEX_POINT('',#3173);
#916=VERTEX_POINT('',#3175);
#917=VERTEX_POINT('',#3179);
#918=VERTEX_POINT('',#3181);
#919=VERTEX_POINT('',#3185);
#920=VERTEX_POINT('',#3187);
#921=VERTEX_POINT('',#3195);
#922=VERTEX_POINT('',#3197);
#923=VERTEX_POINT('',#3201);
#924=VERTEX_POINT('',#3203);
#925=VERTEX_POINT('',#3207);
#926=VERTEX_POINT('',#3209);
#927=VERTEX_POINT('',#3214);
#928=VERTEX_POINT('',#3216);
#929=VERTEX_POINT('',#3221);
#930=VERTEX_POINT('',#3222);
#931=VERTEX_POINT('',#3224);
#932=VERTEX_POINT('',#3226);
#933=VERTEX_POINT('',#3230);
#934=VERTEX_POINT('',#3231);
#935=VERTEX_POINT('',#3233);
#936=VERTEX_POINT('',#3235);
#937=VERTEX_POINT('',#3238);
#938=VERTEX_POINT('',#3239);
#939=VERTEX_POINT('',#3241);
#940=VERTEX_POINT('',#3243);
#941=VERTEX_POINT('',#3245);
#942=VERTEX_POINT('',#3247);
#943=VERTEX_POINT('',#3249);
#944=VERTEX_POINT('',#3251);
#945=VERTEX_POINT('',#3253);
#946=VERTEX_POINT('',#3255);
#947=VERTEX_POINT('',#3257);
#948=VERTEX_POINT('',#3259);
#949=VERTEX_POINT('',#3262);
#950=VERTEX_POINT('',#3264);
#951=VERTEX_POINT('',#3266);
#952=VERTEX_POINT('',#3268);
#953=VERTEX_POINT('',#3270);
#954=VERTEX_POINT('',#3272);
#955=VERTEX_POINT('',#3274);
#956=VERTEX_POINT('',#3276);
#957=VERTEX_POINT('',#3278);
#958=VERTEX_POINT('',#3280);
#959=VERTEX_POINT('',#3282);
#960=VERTEX_POINT('',#3284);
#961=VERTEX_POINT('',#3286);
#962=VERTEX_POINT('',#3288);
#963=VERTEX_POINT('',#3290);
#964=VERTEX_POINT('',#3292);
#965=VERTEX_POINT('',#3294);
#966=VERTEX_POINT('',#3296);
#967=VERTEX_POINT('',#3299);
#968=VERTEX_POINT('',#3301);
#969=VERTEX_POINT('',#3303);
#970=VERTEX_POINT('',#3305);
#971=VERTEX_POINT('',#3306);
#972=VERTEX_POINT('',#3308);
#973=VERTEX_POINT('',#3310);
#974=VERTEX_POINT('',#3312);
#975=VERTEX_POINT('',#3314);
#976=VERTEX_POINT('',#3316);
#977=VERTEX_POINT('',#3318);
#978=VERTEX_POINT('',#3320);
#979=VERTEX_POINT('',#3322);
#980=VERTEX_POINT('',#3324);
#981=VERTEX_POINT('',#3326);
#982=VERTEX_POINT('',#3328);
#983=VERTEX_POINT('',#3330);
#984=VERTEX_POINT('',#3332);
#985=VERTEX_POINT('',#3334);
#986=VERTEX_POINT('',#3336);
#987=VERTEX_POINT('',#3338);
#988=VERTEX_POINT('',#3340);
#989=VERTEX_POINT('',#3342);
#990=VERTEX_POINT('',#3344);
#991=VERTEX_POINT('',#3346);
#992=VERTEX_POINT('',#3348);
#993=VERTEX_POINT('',#3350);
#994=VERTEX_POINT('',#3352);
#995=VERTEX_POINT('',#3354);
#996=VERTEX_POINT('',#3357);
#997=VERTEX_POINT('',#3359);
#998=VERTEX_POINT('',#3360);
#999=VERTEX_POINT('',#3362);
#1000=VERTEX_POINT('',#3364);
#1001=VERTEX_POINT('',#3366);
#1002=VERTEX_POINT('',#3368);
#1003=VERTEX_POINT('',#3370);
#1004=VERTEX_POINT('',#3372);
#1005=VERTEX_POINT('',#3374);
#1006=VERTEX_POINT('',#3376);
#1007=VERTEX_POINT('',#3378);
#1008=VERTEX_POINT('',#3380);
#1009=VERTEX_POINT('',#3382);
#1010=VERTEX_POINT('',#3384);
#1011=VERTEX_POINT('',#3386);
#1012=VERTEX_POINT('',#3388);
#1013=VERTEX_POINT('',#3392);
#1014=VERTEX_POINT('',#3396);
#1015=VERTEX_POINT('',#3400);
#1016=VERTEX_POINT('',#3402);
#1017=VERTEX_POINT('',#3408);
#1018=VERTEX_POINT('',#3409);
#1019=VERTEX_POINT('',#3416);
#1020=VERTEX_POINT('',#3418);
#1021=VERTEX_POINT('',#3422);
#1022=VERTEX_POINT('',#3426);
#1023=VERTEX_POINT('',#3428);
#1024=VERTEX_POINT('',#3432);
#1025=VERTEX_POINT('',#3436);
#1026=VERTEX_POINT('',#3440);
#1027=VERTEX_POINT('',#3442);
#1028=VERTEX_POINT('',#3446);
#1029=VERTEX_POINT('',#3450);
#1030=VERTEX_POINT('',#3452);
#1031=VERTEX_POINT('',#3456);
#1032=VERTEX_POINT('',#3460);
#1033=VERTEX_POINT('',#3462);
#1034=VERTEX_POINT('',#3468);
#1035=VERTEX_POINT('',#3469);
#1036=VERTEX_POINT('',#3474);
#1037=VERTEX_POINT('',#3478);
#1038=VERTEX_POINT('',#3482);
#1039=VERTEX_POINT('',#3484);
#1040=VERTEX_POINT('',#3490);
#1041=VERTEX_POINT('',#3491);
#1042=VERTEX_POINT('',#3496);
#1043=VERTEX_POINT('',#3500);
#1044=VERTEX_POINT('',#3504);
#1045=VERTEX_POINT('',#3510);
#1046=VERTEX_POINT('',#3512);
#1047=VERTEX_POINT('',#3516);
#1048=VERTEX_POINT('',#3520);
#1049=VERTEX_POINT('',#3522);
#1050=VERTEX_POINT('',#3528);
#1051=VERTEX_POINT('',#3532);
#1052=VERTEX_POINT('',#3536);
#1053=VERTEX_POINT('',#3540);
#1054=VERTEX_POINT('',#3548);
#1055=VERTEX_POINT('',#3550);
#1056=VERTEX_POINT('',#3554);
#1057=VERTEX_POINT('',#3558);
#1058=VERTEX_POINT('',#3559);
#1059=VERTEX_POINT('',#3566);
#1060=VERTEX_POINT('',#3570);
#1061=VERTEX_POINT('',#3576);
#1062=VERTEX_POINT('',#3578);
#1063=VERTEX_POINT('',#3582);
#1064=VERTEX_POINT('',#3586);
#1065=VERTEX_POINT('',#3587);
#1066=VERTEX_POINT('',#3592);
#1067=VERTEX_POINT('',#3596);
#1068=VERTEX_POINT('',#3600);
#1069=VERTEX_POINT('',#3602);
#1070=VERTEX_POINT('',#3608);
#1071=VERTEX_POINT('',#3610);
#1072=VERTEX_POINT('',#3616);
#1073=VERTEX_POINT('',#3624);
#1074=VERTEX_POINT('',#3625);
#1075=VERTEX_POINT('',#3627);
#1076=VERTEX_POINT('',#3629);
#1077=VERTEX_POINT('',#3637);
#1078=VERTEX_POINT('',#3638);
#1079=VERTEX_POINT('',#3640);
#1080=VERTEX_POINT('',#3642);
#1081=VERTEX_POINT('',#3644);
#1082=VERTEX_POINT('',#3646);
#1083=VERTEX_POINT('',#3648);
#1084=VERTEX_POINT('',#3650);
#1085=VERTEX_POINT('',#3653);
#1086=VERTEX_POINT('',#3655);
#1087=VERTEX_POINT('',#3657);
#1088=VERTEX_POINT('',#3659);
#1089=VERTEX_POINT('',#3663);
#1090=VERTEX_POINT('',#3665);
#1091=VERTEX_POINT('',#3669);
#1092=VERTEX_POINT('',#3673);
#1093=VERTEX_POINT('',#3675);
#1094=VERTEX_POINT('',#3679);
#1095=VERTEX_POINT('',#3683);
#1096=VERTEX_POINT('',#3685);
#1097=VERTEX_POINT('',#3689);
#1098=VERTEX_POINT('',#3693);
#1099=VERTEX_POINT('',#3695);
#1100=VERTEX_POINT('',#3699);
#1101=EDGE_CURVE('',#889,#890,#421,.T.);
#1102=EDGE_CURVE('',#889,#891,#422,.T.);
#1103=EDGE_CURVE('',#891,#892,#423,.T.);
#1104=EDGE_CURVE('',#890,#892,#424,.T.);
#1105=EDGE_CURVE('',#893,#889,#425,.T.);
#1106=EDGE_CURVE('',#893,#894,#426,.T.);
#1107=EDGE_CURVE('',#894,#891,#427,.T.);
#1108=EDGE_CURVE('',#895,#893,#428,.T.);
#1109=EDGE_CURVE('',#895,#896,#429,.T.);
#1110=EDGE_CURVE('',#896,#894,#430,.T.);
#1111=EDGE_CURVE('',#890,#895,#431,.T.);
#1112=EDGE_CURVE('',#892,#896,#432,.T.);
#1113=EDGE_CURVE('',#897,#898,#433,.T.);
#1114=EDGE_CURVE('',#897,#899,#434,.T.);
#1115=EDGE_CURVE('',#899,#900,#435,.T.);
#1116=EDGE_CURVE('',#898,#900,#436,.T.);
#1117=EDGE_CURVE('',#901,#897,#437,.T.);
#1118=EDGE_CURVE('',#901,#902,#438,.T.);
#1119=EDGE_CURVE('',#902,#899,#439,.T.);
#1120=EDGE_CURVE('',#903,#901,#440,.T.);
#1121=EDGE_CURVE('',#903,#904,#441,.T.);
#1122=EDGE_CURVE('',#904,#902,#442,.T.);
#1123=EDGE_CURVE('',#898,#903,#443,.T.);
#1124=EDGE_CURVE('',#900,#904,#444,.T.);
#1125=EDGE_CURVE('',#905,#906,#445,.T.);
#1126=EDGE_CURVE('',#905,#907,#446,.T.);
#1127=EDGE_CURVE('',#907,#908,#447,.T.);
#1128=EDGE_CURVE('',#906,#908,#448,.T.);
#1129=EDGE_CURVE('',#909,#905,#449,.T.);
#1130=EDGE_CURVE('',#909,#910,#450,.T.);
#1131=EDGE_CURVE('',#910,#907,#451,.T.);
#1132=EDGE_CURVE('',#911,#909,#452,.T.);
#1133=EDGE_CURVE('',#911,#912,#453,.T.);
#1134=EDGE_CURVE('',#912,#910,#454,.T.);
#1135=EDGE_CURVE('',#906,#911,#455,.T.);
#1136=EDGE_CURVE('',#908,#912,#456,.T.);
#1137=EDGE_CURVE('',#913,#914,#457,.T.);
#1138=EDGE_CURVE('',#913,#915,#458,.T.);
#1139=EDGE_CURVE('',#915,#916,#459,.T.);
#1140=EDGE_CURVE('',#914,#916,#460,.T.);
#1141=EDGE_CURVE('',#917,#913,#461,.T.);
#1142=EDGE_CURVE('',#917,#918,#462,.T.);
#1143=EDGE_CURVE('',#918,#915,#463,.T.);
#1144=EDGE_CURVE('',#919,#917,#464,.T.);
#1145=EDGE_CURVE('',#919,#920,#465,.T.);
#1146=EDGE_CURVE('',#920,#918,#466,.T.);
#1147=EDGE_CURVE('',#914,#919,#467,.T.);
#1148=EDGE_CURVE('',#916,#920,#468,.T.);
#1149=EDGE_CURVE('',#921,#921,#41,.T.);
#1150=EDGE_CURVE('',#921,#922,#469,.T.);
#1151=EDGE_CURVE('',#922,#922,#42,.T.);
#1152=EDGE_CURVE('',#923,#923,#43,.T.);
#1153=EDGE_CURVE('',#923,#924,#470,.T.);
#1154=EDGE_CURVE('',#924,#924,#44,.T.);
#1155=EDGE_CURVE('',#925,#925,#45,.T.);
#1156=EDGE_CURVE('',#925,#926,#471,.T.);
#1157=EDGE_CURVE('',#926,#926,#46,.T.);
#1158=EDGE_CURVE('',#927,#927,#47,.T.);
#1159=EDGE_CURVE('',#927,#928,#472,.T.);
#1160=EDGE_CURVE('',#928,#928,#48,.T.);
#1161=EDGE_CURVE('',#929,#930,#49,.T.);
#1162=EDGE_CURVE('',#930,#931,#473,.T.);
#1163=EDGE_CURVE('',#931,#932,#50,.T.);
#1164=EDGE_CURVE('',#932,#929,#474,.T.);
#1165=EDGE_CURVE('',#933,#934,#475,.T.);
#1166=EDGE_CURVE('',#935,#933,#476,.T.);
#1167=EDGE_CURVE('',#936,#935,#477,.T.);
#1168=EDGE_CURVE('',#934,#936,#478,.T.);
#1169=EDGE_CURVE('',#937,#938,#479,.T.);
#1170=EDGE_CURVE('',#938,#939,#480,.T.);
#1171=EDGE_CURVE('',#939,#940,#481,.T.);
#1172=EDGE_CURVE('',#940,#941,#482,.T.);
#1173=EDGE_CURVE('',#941,#942,#483,.T.);
#1174=EDGE_CURVE('',#942,#943,#484,.T.);
#1175=EDGE_CURVE('',#943,#944,#485,.T.);
#1176=EDGE_CURVE('',#944,#945,#486,.T.);
#1177=EDGE_CURVE('',#945,#946,#487,.T.);
#1178=EDGE_CURVE('',#946,#947,#488,.T.);
#1179=EDGE_CURVE('',#947,#948,#489,.T.);
#1180=EDGE_CURVE('',#948,#937,#490,.T.);
#1181=EDGE_CURVE('',#929,#949,#491,.T.);
#1182=EDGE_CURVE('',#950,#949,#51,.T.);
#1183=EDGE_CURVE('',#950,#951,#492,.T.);
#1184=EDGE_CURVE('',#952,#951,#52,.T.);
#1185=EDGE_CURVE('',#952,#953,#493,.T.);
#1186=EDGE_CURVE('',#954,#953,#53,.T.);
#1187=EDGE_CURVE('',#954,#955,#494,.T.);
#1188=EDGE_CURVE('',#956,#955,#54,.T.);
#1189=EDGE_CURVE('',#956,#957,#495,.T.);
#1190=EDGE_CURVE('',#958,#957,#55,.T.);
#1191=EDGE_CURVE('',#958,#959,#496,.T.);
#1192=EDGE_CURVE('',#960,#959,#56,.T.);
#1193=EDGE_CURVE('',#960,#961,#497,.T.);
#1194=EDGE_CURVE('',#962,#961,#57,.T.);
#1195=EDGE_CURVE('',#962,#963,#498,.T.);
#1196=EDGE_CURVE('',#964,#963,#58,.T.);
#1197=EDGE_CURVE('',#964,#965,#499,.T.);
#1198=EDGE_CURVE('',#966,#965,#59,.T.);
#1199=EDGE_CURVE('',#966,#930,#500,.T.);
#1200=EDGE_CURVE('',#967,#967,#60,.T.);
#1201=EDGE_CURVE('',#968,#968,#61,.T.);
#1202=EDGE_CURVE('',#969,#969,#62,.T.);
#1203=EDGE_CURVE('',#970,#971,#63,.T.);
#1204=EDGE_CURVE('',#970,#972,#501,.T.);
#1205=EDGE_CURVE('',#973,#972,#64,.T.);
#1206=EDGE_CURVE('',#973,#974,#65,.F.);
#1207=EDGE_CURVE('',#974,#975,#502,.T.);
#1208=EDGE_CURVE('',#976,#975,#66,.T.);
#1209=EDGE_CURVE('',#977,#976,#67,.T.);
#1210=EDGE_CURVE('',#977,#978,#503,.T.);
#1211=EDGE_CURVE('',#979,#978,#68,.T.);
#1212=EDGE_CURVE('',#979,#980,#504,.T.);
#1213=EDGE_CURVE('',#981,#980,#69,.T.);
#1214=EDGE_CURVE('',#981,#982,#505,.T.);
#1215=EDGE_CURVE('',#983,#982,#70,.T.);
#1216=EDGE_CURVE('',#983,#984,#71,.F.);
#1217=EDGE_CURVE('',#984,#985,#506,.T.);
#1218=EDGE_CURVE('',#986,#985,#72,.T.);
#1219=EDGE_CURVE('',#987,#986,#73,.T.);
#1220=EDGE_CURVE('',#987,#988,#507,.T.);
#1221=EDGE_CURVE('',#989,#988,#74,.T.);
#1222=EDGE_CURVE('',#990,#989,#75,.T.);
#1223=EDGE_CURVE('',#990,#991,#508,.T.);
#1224=EDGE_CURVE('',#992,#991,#76,.T.);
#1225=EDGE_CURVE('',#992,#993,#509,.T.);
#1226=EDGE_CURVE('',#994,#993,#77,.T.);
#1227=EDGE_CURVE('',#994,#995,#510,.T.);
#1228=EDGE_CURVE('',#995,#971,#78,.F.);
#1229=EDGE_CURVE('',#996,#996,#79,.T.);
#1230=EDGE_CURVE('',#997,#998,#80,.T.);
#1231=EDGE_CURVE('',#997,#999,#511,.T.);
#1232=EDGE_CURVE('',#1000,#999,#81,.T.);
#1233=EDGE_CURVE('',#1000,#1001,#512,.T.);
#1234=EDGE_CURVE('',#1002,#1001,#82,.T.);
#1235=EDGE_CURVE('',#1002,#1003,#513,.T.);
#1236=EDGE_CURVE('',#1004,#1003,#83,.T.);
#1237=EDGE_CURVE('',#1004,#1005,#514,.T.);
#1238=EDGE_CURVE('',#1006,#1005,#84,.T.);
#1239=EDGE_CURVE('',#1006,#1007,#515,.T.);
#1240=EDGE_CURVE('',#1008,#1007,#85,.T.);
#1241=EDGE_CURVE('',#1008,#1009,#516,.T.);
#1242=EDGE_CURVE('',#1010,#1009,#86,.T.);
#1243=EDGE_CURVE('',#1010,#1011,#517,.T.);
#1244=EDGE_CURVE('',#1012,#1011,#87,.T.);
#1245=EDGE_CURVE('',#1012,#998,#518,.T.);
#1246=EDGE_CURVE('',#1013,#932,#519,.T.);
#1247=EDGE_CURVE('',#949,#1013,#520,.T.);
#1248=EDGE_CURVE('',#1013,#1014,#88,.T.);
#1249=EDGE_CURVE('',#1014,#950,#521,.T.);
#1250=EDGE_CURVE('',#951,#1015,#522,.T.);
#1251=EDGE_CURVE('',#1015,#1016,#89,.T.);
#1252=EDGE_CURVE('',#1016,#952,#523,.T.);
#1253=EDGE_CURVE('',#1015,#1014,#524,.T.);
#1254=EDGE_CURVE('',#1017,#1018,#90,.T.);
#1255=EDGE_CURVE('',#1018,#954,#525,.T.);
#1256=EDGE_CURVE('',#953,#1017,#526,.T.);
#1257=EDGE_CURVE('',#1017,#1016,#527,.T.);
#1258=EDGE_CURVE('',#971,#1019,#528,.T.);
#1259=EDGE_CURVE('',#1019,#1020,#91,.T.);
#1260=EDGE_CURVE('',#1020,#970,#529,.T.);
#1261=EDGE_CURVE('',#1021,#1020,#530,.T.);
#1262=EDGE_CURVE('',#972,#1021,#531,.T.);
#1263=EDGE_CURVE('',#985,#1022,#532,.T.);
#1264=EDGE_CURVE('',#1022,#1023,#92,.T.);
#1265=EDGE_CURVE('',#1023,#986,#533,.T.);
#1266=EDGE_CURVE('',#1024,#984,#534,.T.);
#1267=EDGE_CURVE('',#1022,#1024,#535,.T.);
#1268=EDGE_CURVE('',#1021,#1025,#93,.T.);
#1269=EDGE_CURVE('',#1025,#973,#536,.T.);
#1270=EDGE_CURVE('',#975,#1026,#537,.T.);
#1271=EDGE_CURVE('',#1026,#1027,#94,.T.);
#1272=EDGE_CURVE('',#1027,#976,#538,.T.);
#1273=EDGE_CURVE('',#1028,#974,#539,.T.);
#1274=EDGE_CURVE('',#1026,#1028,#540,.T.);
#1275=EDGE_CURVE('',#1009,#1029,#541,.T.);
#1276=EDGE_CURVE('',#1029,#1030,#95,.T.);
#1277=EDGE_CURVE('',#1030,#1010,#542,.T.);
#1278=EDGE_CURVE('',#1031,#1008,#543,.T.);
#1279=EDGE_CURVE('',#1029,#1031,#544,.T.);
#1280=EDGE_CURVE('',#1011,#1032,#545,.T.);
#1281=EDGE_CURVE('',#1032,#1033,#96,.T.);
#1282=EDGE_CURVE('',#1033,#1012,#546,.T.);
#1283=EDGE_CURVE('',#1032,#1030,#547,.T.);
#1284=EDGE_CURVE('',#1034,#1035,#97,.T.);
#1285=EDGE_CURVE('',#1035,#997,#548,.T.);
#1286=EDGE_CURVE('',#998,#1034,#549,.T.);
#1287=EDGE_CURVE('',#1036,#1035,#550,.T.);
#1288=EDGE_CURVE('',#999,#1036,#551,.T.);
#1289=EDGE_CURVE('',#1036,#1037,#98,.T.);
#1290=EDGE_CURVE('',#1037,#1000,#552,.T.);
#1291=EDGE_CURVE('',#1001,#1038,#553,.T.);
#1292=EDGE_CURVE('',#1038,#1039,#99,.T.);
#1293=EDGE_CURVE('',#1039,#1002,#554,.T.);
#1294=EDGE_CURVE('',#1038,#1037,#555,.T.);
#1295=EDGE_CURVE('',#1040,#1041,#100,.T.);
#1296=EDGE_CURVE('',#1041,#1004,#556,.T.);
#1297=EDGE_CURVE('',#1003,#1040,#557,.T.);
#1298=EDGE_CURVE('',#1042,#1041,#558,.T.);
#1299=EDGE_CURVE('',#1005,#1042,#559,.T.);
#1300=EDGE_CURVE('',#1042,#1043,#101,.T.);
#1301=EDGE_CURVE('',#1043,#1006,#560,.T.);
#1302=EDGE_CURVE('',#1007,#1044,#561,.T.);
#1303=EDGE_CURVE('',#1044,#1031,#102,.T.);
#1304=EDGE_CURVE('',#1044,#1043,#562,.T.);
#1305=EDGE_CURVE('',#991,#1045,#563,.T.);
#1306=EDGE_CURVE('',#1045,#1046,#103,.T.);
#1307=EDGE_CURVE('',#1046,#992,#564,.T.);
#1308=EDGE_CURVE('',#1047,#990,#565,.T.);
#1309=EDGE_CURVE('',#1045,#1047,#566,.T.);
#1310=EDGE_CURVE('',#993,#1048,#567,.T.);
#1311=EDGE_CURVE('',#1048,#1049,#104,.T.);
#1312=EDGE_CURVE('',#1049,#994,#568,.T.);
#1313=EDGE_CURVE('',#1048,#1046,#569,.T.);
#1314=EDGE_CURVE('',#989,#1050,#570,.T.);
#1315=EDGE_CURVE('',#1050,#1047,#105,.T.);
#1316=EDGE_CURVE('',#988,#1051,#571,.T.);
#1317=EDGE_CURVE('',#1051,#1050,#106,.T.);
#1318=EDGE_CURVE('',#1052,#987,#572,.T.);
#1319=EDGE_CURVE('',#1051,#1052,#573,.T.);
#1320=EDGE_CURVE('',#995,#1053,#574,.T.);
#1321=EDGE_CURVE('',#1053,#1019,#107,.T.);
#1322=EDGE_CURVE('',#1023,#1052,#108,.T.);
#1323=EDGE_CURVE('',#1025,#1028,#109,.T.);
#1324=EDGE_CURVE('',#980,#1054,#575,.T.);
#1325=EDGE_CURVE('',#1054,#1055,#110,.T.);
#1326=EDGE_CURVE('',#1055,#981,#576,.T.);
#1327=EDGE_CURVE('',#1056,#979,#577,.T.);
#1328=EDGE_CURVE('',#1054,#1056,#578,.T.);
#1329=EDGE_CURVE('',#1057,#1058,#111,.T.);
#1330=EDGE_CURVE('',#1058,#983,#579,.T.);
#1331=EDGE_CURVE('',#982,#1057,#580,.T.);
#1332=EDGE_CURVE('',#1058,#1024,#112,.T.);
#1333=EDGE_CURVE('',#1027,#1059,#113,.T.);
#1334=EDGE_CURVE('',#1059,#977,#581,.T.);
#1335=EDGE_CURVE('',#1060,#1059,#582,.T.);
#1336=EDGE_CURVE('',#978,#1060,#583,.T.);
#1337=EDGE_CURVE('',#1060,#1056,#114,.T.);
#1338=EDGE_CURVE('',#959,#1061,#584,.T.);
#1339=EDGE_CURVE('',#1061,#1062,#115,.T.);
#1340=EDGE_CURVE('',#1062,#960,#585,.T.);
#1341=EDGE_CURVE('',#1063,#958,#586,.T.);
#1342=EDGE_CURVE('',#1061,#1063,#587,.T.);
#1343=EDGE_CURVE('',#1064,#1065,#116,.T.);
#1344=EDGE_CURVE('',#1065,#962,#588,.T.);
#1345=EDGE_CURVE('',#961,#1064,#589,.T.);
#1346=EDGE_CURVE('',#1066,#1065,#590,.T.);
#1347=EDGE_CURVE('',#963,#1066,#591,.T.);
#1348=EDGE_CURVE('',#1066,#1067,#117,.T.);
#1349=EDGE_CURVE('',#1067,#964,#592,.T.);
#1350=EDGE_CURVE('',#965,#1068,#593,.T.);
#1351=EDGE_CURVE('',#1068,#1069,#118,.T.);
#1352=EDGE_CURVE('',#1069,#966,#594,.T.);
#1353=EDGE_CURVE('',#1068,#1067,#595,.T.);
#1354=EDGE_CURVE('',#955,#1070,#596,.T.);
#1355=EDGE_CURVE('',#1070,#1071,#119,.T.);
#1356=EDGE_CURVE('',#1071,#956,#597,.T.);
#1357=EDGE_CURVE('',#1070,#1018,#598,.T.);
#1358=EDGE_CURVE('',#957,#1072,#599,.T.);
#1359=EDGE_CURVE('',#1072,#1063,#120,.T.);
#1360=EDGE_CURVE('',#1072,#1071,#600,.T.);
#1361=EDGE_CURVE('',#1057,#1055,#601,.T.);
#1362=EDGE_CURVE('',#1073,#1074,#602,.T.);
#1363=EDGE_CURVE('',#1074,#1075,#603,.T.);
#1364=EDGE_CURVE('',#1075,#1076,#604,.T.);
#1365=EDGE_CURVE('',#1076,#1073,#605,.T.);
#1366=EDGE_CURVE('',#931,#1069,#606,.T.);
#1367=EDGE_CURVE('',#1064,#1062,#607,.T.);
#1368=EDGE_CURVE('',#1053,#1049,#608,.T.);
#1369=EDGE_CURVE('',#1034,#1033,#609,.T.);
#1370=EDGE_CURVE('',#1040,#1039,#610,.T.);
#1371=EDGE_CURVE('',#1077,#1078,#611,.T.);
#1372=EDGE_CURVE('',#1078,#1079,#612,.T.);
#1373=EDGE_CURVE('',#1079,#1080,#613,.T.);
#1374=EDGE_CURVE('',#1080,#1081,#614,.T.);
#1375=EDGE_CURVE('',#1081,#1082,#615,.T.);
#1376=EDGE_CURVE('',#1082,#1083,#616,.T.);
#1377=EDGE_CURVE('',#1083,#1084,#617,.T.);
#1378=EDGE_CURVE('',#1084,#1077,#618,.T.);
#1379=EDGE_CURVE('',#1085,#1085,#121,.T.);
#1380=EDGE_CURVE('',#1086,#1086,#122,.T.);
#1381=EDGE_CURVE('',#1087,#1087,#123,.T.);
#1382=EDGE_CURVE('',#1088,#1088,#124,.T.);
#1383=EDGE_CURVE('',#1089,#946,#619,.T.);
#1384=EDGE_CURVE('',#1090,#1089,#620,.T.);
#1385=EDGE_CURVE('',#947,#1090,#621,.T.);
#1386=EDGE_CURVE('',#1090,#1091,#622,.T.);
#1387=EDGE_CURVE('',#1091,#1089,#623,.T.);
#1388=EDGE_CURVE('',#1092,#948,#624,.T.);
#1389=EDGE_CURVE('',#1093,#1092,#625,.T.);
#1390=EDGE_CURVE('',#937,#1093,#626,.T.);
#1391=EDGE_CURVE('',#1093,#1094,#627,.T.);
#1392=EDGE_CURVE('',#1094,#1092,#628,.T.);
#1393=EDGE_CURVE('',#1095,#944,#629,.T.);
#1394=EDGE_CURVE('',#1096,#1095,#630,.T.);
#1395=EDGE_CURVE('',#945,#1096,#631,.T.);
#1396=EDGE_CURVE('',#1097,#1095,#632,.T.);
#1397=EDGE_CURVE('',#1096,#1097,#633,.T.);
#1398=EDGE_CURVE('',#1098,#938,#634,.T.);
#1399=EDGE_CURVE('',#1099,#1098,#635,.T.);
#1400=EDGE_CURVE('',#939,#1099,#636,.T.);
#1401=EDGE_CURVE('',#1100,#1098,#637,.T.);
#1402=EDGE_CURVE('',#1099,#1100,#638,.T.);
#1403=EDGE_CURVE('',#1077,#1100,#639,.T.);
#1404=EDGE_CURVE('',#1084,#940,#640,.T.);
#1405=EDGE_CURVE('',#941,#1083,#641,.T.);
#1406=EDGE_CURVE('',#1082,#942,#642,.T.);
#1407=EDGE_CURVE('',#1081,#943,#643,.T.);
#1408=EDGE_CURVE('',#1097,#1080,#644,.T.);
#1409=EDGE_CURVE('',#1079,#1091,#645,.T.);
#1410=EDGE_CURVE('',#996,#1088,#646,.T.);
#1411=EDGE_CURVE('',#969,#1087,#647,.T.);
#1412=EDGE_CURVE('',#968,#1086,#648,.T.);
#1413=EDGE_CURVE('',#967,#1085,#649,.T.);
#1414=EDGE_CURVE('',#1078,#1094,#650,.T.);
#1415=EDGE_CURVE('',#933,#1073,#651,.T.);
#1416=EDGE_CURVE('',#935,#1076,#652,.T.);
#1417=EDGE_CURVE('',#936,#1075,#653,.T.);
#1418=EDGE_CURVE('',#934,#1074,#654,.T.);
#1419=ORIENTED_EDGE('',*,*,#1101,.F.);
#1420=ORIENTED_EDGE('',*,*,#1102,.T.);
#1421=ORIENTED_EDGE('',*,*,#1103,.T.);
#1422=ORIENTED_EDGE('',*,*,#1104,.F.);
#1423=ORIENTED_EDGE('',*,*,#1105,.F.);
#1424=ORIENTED_EDGE('',*,*,#1106,.T.);
#1425=ORIENTED_EDGE('',*,*,#1107,.T.);
#1426=ORIENTED_EDGE('',*,*,#1102,.F.);
#1427=ORIENTED_EDGE('',*,*,#1108,.F.);
#1428=ORIENTED_EDGE('',*,*,#1109,.T.);
#1429=ORIENTED_EDGE('',*,*,#1110,.T.);
#1430=ORIENTED_EDGE('',*,*,#1106,.F.);
#1431=ORIENTED_EDGE('',*,*,#1111,.F.);
#1432=ORIENTED_EDGE('',*,*,#1104,.T.);
#1433=ORIENTED_EDGE('',*,*,#1112,.T.);
#1434=ORIENTED_EDGE('',*,*,#1109,.F.);
#1435=ORIENTED_EDGE('',*,*,#1112,.F.);
#1436=ORIENTED_EDGE('',*,*,#1103,.F.);
#1437=ORIENTED_EDGE('',*,*,#1107,.F.);
#1438=ORIENTED_EDGE('',*,*,#1110,.F.);
#1439=ORIENTED_EDGE('',*,*,#1113,.F.);
#1440=ORIENTED_EDGE('',*,*,#1114,.T.);
#1441=ORIENTED_EDGE('',*,*,#1115,.T.);
#1442=ORIENTED_EDGE('',*,*,#1116,.F.);
#1443=ORIENTED_EDGE('',*,*,#1117,.F.);
#1444=ORIENTED_EDGE('',*,*,#1118,.T.);
#1445=ORIENTED_EDGE('',*,*,#1119,.T.);
#1446=ORIENTED_EDGE('',*,*,#1114,.F.);
#1447=ORIENTED_EDGE('',*,*,#1120,.F.);
#1448=ORIENTED_EDGE('',*,*,#1121,.T.);
#1449=ORIENTED_EDGE('',*,*,#1122,.T.);
#1450=ORIENTED_EDGE('',*,*,#1118,.F.);
#1451=ORIENTED_EDGE('',*,*,#1123,.F.);
#1452=ORIENTED_EDGE('',*,*,#1116,.T.);
#1453=ORIENTED_EDGE('',*,*,#1124,.T.);
#1454=ORIENTED_EDGE('',*,*,#1121,.F.);
#1455=ORIENTED_EDGE('',*,*,#1124,.F.);
#1456=ORIENTED_EDGE('',*,*,#1115,.F.);
#1457=ORIENTED_EDGE('',*,*,#1119,.F.);
#1458=ORIENTED_EDGE('',*,*,#1122,.F.);
#1459=ORIENTED_EDGE('',*,*,#1125,.F.);
#1460=ORIENTED_EDGE('',*,*,#1126,.T.);
#1461=ORIENTED_EDGE('',*,*,#1127,.T.);
#1462=ORIENTED_EDGE('',*,*,#1128,.F.);
#1463=ORIENTED_EDGE('',*,*,#1129,.F.);
#1464=ORIENTED_EDGE('',*,*,#1130,.T.);
#1465=ORIENTED_EDGE('',*,*,#1131,.T.);
#1466=ORIENTED_EDGE('',*,*,#1126,.F.);
#1467=ORIENTED_EDGE('',*,*,#1132,.F.);
#1468=ORIENTED_EDGE('',*,*,#1133,.T.);
#1469=ORIENTED_EDGE('',*,*,#1134,.T.);
#1470=ORIENTED_EDGE('',*,*,#1130,.F.);
#1471=ORIENTED_EDGE('',*,*,#1135,.F.);
#1472=ORIENTED_EDGE('',*,*,#1128,.T.);
#1473=ORIENTED_EDGE('',*,*,#1136,.T.);
#1474=ORIENTED_EDGE('',*,*,#1133,.F.);
#1475=ORIENTED_EDGE('',*,*,#1136,.F.);
#1476=ORIENTED_EDGE('',*,*,#1127,.F.);
#1477=ORIENTED_EDGE('',*,*,#1131,.F.);
#1478=ORIENTED_EDGE('',*,*,#1134,.F.);
#1479=ORIENTED_EDGE('',*,*,#1137,.F.);
#1480=ORIENTED_EDGE('',*,*,#1138,.T.);
#1481=ORIENTED_EDGE('',*,*,#1139,.T.);
#1482=ORIENTED_EDGE('',*,*,#1140,.F.);
#1483=ORIENTED_EDGE('',*,*,#1141,.F.);
#1484=ORIENTED_EDGE('',*,*,#1142,.T.);
#1485=ORIENTED_EDGE('',*,*,#1143,.T.);
#1486=ORIENTED_EDGE('',*,*,#1138,.F.);
#1487=ORIENTED_EDGE('',*,*,#1144,.F.);
#1488=ORIENTED_EDGE('',*,*,#1145,.T.);
#1489=ORIENTED_EDGE('',*,*,#1146,.T.);
#1490=ORIENTED_EDGE('',*,*,#1142,.F.);
#1491=ORIENTED_EDGE('',*,*,#1147,.F.);
#1492=ORIENTED_EDGE('',*,*,#1140,.T.);
#1493=ORIENTED_EDGE('',*,*,#1148,.T.);
#1494=ORIENTED_EDGE('',*,*,#1145,.F.);
#1495=ORIENTED_EDGE('',*,*,#1148,.F.);
#1496=ORIENTED_EDGE('',*,*,#1139,.F.);
#1497=ORIENTED_EDGE('',*,*,#1143,.F.);
#1498=ORIENTED_EDGE('',*,*,#1146,.F.);
#1499=ORIENTED_EDGE('',*,*,#1149,.F.);
#1500=ORIENTED_EDGE('',*,*,#1150,.T.);
#1501=ORIENTED_EDGE('',*,*,#1151,.F.);
#1502=ORIENTED_EDGE('',*,*,#1150,.F.);
#1503=ORIENTED_EDGE('',*,*,#1152,.F.);
#1504=ORIENTED_EDGE('',*,*,#1153,.T.);
#1505=ORIENTED_EDGE('',*,*,#1154,.F.);
#1506=ORIENTED_EDGE('',*,*,#1153,.F.);
#1507=ORIENTED_EDGE('',*,*,#1155,.F.);
#1508=ORIENTED_EDGE('',*,*,#1156,.T.);
#1509=ORIENTED_EDGE('',*,*,#1157,.F.);
#1510=ORIENTED_EDGE('',*,*,#1156,.F.);
#1511=ORIENTED_EDGE('',*,*,#1155,.T.);
#1512=ORIENTED_EDGE('',*,*,#1149,.T.);
#1513=ORIENTED_EDGE('',*,*,#1158,.F.);
#1514=ORIENTED_EDGE('',*,*,#1159,.T.);
#1515=ORIENTED_EDGE('',*,*,#1160,.F.);
#1516=ORIENTED_EDGE('',*,*,#1159,.F.);
#1517=ORIENTED_EDGE('',*,*,#1158,.T.);
#1518=ORIENTED_EDGE('',*,*,#1152,.T.);
#1519=ORIENTED_EDGE('',*,*,#1161,.T.);
#1520=ORIENTED_EDGE('',*,*,#1162,.T.);
#1521=ORIENTED_EDGE('',*,*,#1163,.T.);
#1522=ORIENTED_EDGE('',*,*,#1164,.T.);
#1523=ORIENTED_EDGE('',*,*,#1165,.F.);
#1524=ORIENTED_EDGE('',*,*,#1166,.F.);
#1525=ORIENTED_EDGE('',*,*,#1167,.F.);
#1526=ORIENTED_EDGE('',*,*,#1168,.F.);
#1527=ORIENTED_EDGE('',*,*,#1101,.T.);
#1528=ORIENTED_EDGE('',*,*,#1111,.T.);
#1529=ORIENTED_EDGE('',*,*,#1108,.T.);
#1530=ORIENTED_EDGE('',*,*,#1105,.T.);
#1531=ORIENTED_EDGE('',*,*,#1113,.T.);
#1532=ORIENTED_EDGE('',*,*,#1123,.T.);
#1533=ORIENTED_EDGE('',*,*,#1120,.T.);
#1534=ORIENTED_EDGE('',*,*,#1117,.T.);
#1535=ORIENTED_EDGE('',*,*,#1125,.T.);
#1536=ORIENTED_EDGE('',*,*,#1135,.T.);
#1537=ORIENTED_EDGE('',*,*,#1132,.T.);
#1538=ORIENTED_EDGE('',*,*,#1129,.T.);
#1539=ORIENTED_EDGE('',*,*,#1137,.T.);
#1540=ORIENTED_EDGE('',*,*,#1147,.T.);
#1541=ORIENTED_EDGE('',*,*,#1144,.T.);
#1542=ORIENTED_EDGE('',*,*,#1141,.T.);
#1543=ORIENTED_EDGE('',*,*,#1157,.T.);
#1544=ORIENTED_EDGE('',*,*,#1160,.T.);
#1545=ORIENTED_EDGE('',*,*,#1169,.T.);
#1546=ORIENTED_EDGE('',*,*,#1170,.T.);
#1547=ORIENTED_EDGE('',*,*,#1171,.T.);
#1548=ORIENTED_EDGE('',*,*,#1172,.T.);
#1549=ORIENTED_EDGE('',*,*,#1173,.T.);
#1550=ORIENTED_EDGE('',*,*,#1174,.T.);
#1551=ORIENTED_EDGE('',*,*,#1175,.T.);
#1552=ORIENTED_EDGE('',*,*,#1176,.T.);
#1553=ORIENTED_EDGE('',*,*,#1177,.T.);
#1554=ORIENTED_EDGE('',*,*,#1178,.T.);
#1555=ORIENTED_EDGE('',*,*,#1179,.T.);
#1556=ORIENTED_EDGE('',*,*,#1180,.T.);
#1557=ORIENTED_EDGE('',*,*,#1161,.F.);
#1558=ORIENTED_EDGE('',*,*,#1181,.T.);
#1559=ORIENTED_EDGE('',*,*,#1182,.F.);
#1560=ORIENTED_EDGE('',*,*,#1183,.T.);
#1561=ORIENTED_EDGE('',*,*,#1184,.F.);
#1562=ORIENTED_EDGE('',*,*,#1185,.T.);
#1563=ORIENTED_EDGE('',*,*,#1186,.F.);
#1564=ORIENTED_EDGE('',*,*,#1187,.T.);
#1565=ORIENTED_EDGE('',*,*,#1188,.F.);
#1566=ORIENTED_EDGE('',*,*,#1189,.T.);
#1567=ORIENTED_EDGE('',*,*,#1190,.F.);
#1568=ORIENTED_EDGE('',*,*,#1191,.T.);
#1569=ORIENTED_EDGE('',*,*,#1192,.F.);
#1570=ORIENTED_EDGE('',*,*,#1193,.T.);
#1571=ORIENTED_EDGE('',*,*,#1194,.F.);
#1572=ORIENTED_EDGE('',*,*,#1195,.T.);
#1573=ORIENTED_EDGE('',*,*,#1196,.F.);
#1574=ORIENTED_EDGE('',*,*,#1197,.T.);
#1575=ORIENTED_EDGE('',*,*,#1198,.F.);
#1576=ORIENTED_EDGE('',*,*,#1199,.T.);
#1577=ORIENTED_EDGE('',*,*,#1200,.T.);
#1578=ORIENTED_EDGE('',*,*,#1201,.T.);
#1579=ORIENTED_EDGE('',*,*,#1202,.T.);
#1580=ORIENTED_EDGE('',*,*,#1203,.F.);
#1581=ORIENTED_EDGE('',*,*,#1204,.T.);
#1582=ORIENTED_EDGE('',*,*,#1205,.F.);
#1583=ORIENTED_EDGE('',*,*,#1206,.T.);
#1584=ORIENTED_EDGE('',*,*,#1207,.T.);
#1585=ORIENTED_EDGE('',*,*,#1208,.F.);
#1586=ORIENTED_EDGE('',*,*,#1209,.F.);
#1587=ORIENTED_EDGE('',*,*,#1210,.T.);
#1588=ORIENTED_EDGE('',*,*,#1211,.F.);
#1589=ORIENTED_EDGE('',*,*,#1212,.T.);
#1590=ORIENTED_EDGE('',*,*,#1213,.F.);
#1591=ORIENTED_EDGE('',*,*,#1214,.T.);
#1592=ORIENTED_EDGE('',*,*,#1215,.F.);
#1593=ORIENTED_EDGE('',*,*,#1216,.T.);
#1594=ORIENTED_EDGE('',*,*,#1217,.T.);
#1595=ORIENTED_EDGE('',*,*,#1218,.F.);
#1596=ORIENTED_EDGE('',*,*,#1219,.F.);
#1597=ORIENTED_EDGE('',*,*,#1220,.T.);
#1598=ORIENTED_EDGE('',*,*,#1221,.F.);
#1599=ORIENTED_EDGE('',*,*,#1222,.F.);
#1600=ORIENTED_EDGE('',*,*,#1223,.T.);
#1601=ORIENTED_EDGE('',*,*,#1224,.F.);
#1602=ORIENTED_EDGE('',*,*,#1225,.T.);
#1603=ORIENTED_EDGE('',*,*,#1226,.F.);
#1604=ORIENTED_EDGE('',*,*,#1227,.T.);
#1605=ORIENTED_EDGE('',*,*,#1228,.T.);
#1606=ORIENTED_EDGE('',*,*,#1229,.T.);
#1607=ORIENTED_EDGE('',*,*,#1230,.F.);
#1608=ORIENTED_EDGE('',*,*,#1231,.T.);
#1609=ORIENTED_EDGE('',*,*,#1232,.F.);
#1610=ORIENTED_EDGE('',*,*,#1233,.T.);
#1611=ORIENTED_EDGE('',*,*,#1234,.F.);
#1612=ORIENTED_EDGE('',*,*,#1235,.T.);
#1613=ORIENTED_EDGE('',*,*,#1236,.F.);
#1614=ORIENTED_EDGE('',*,*,#1237,.T.);
#1615=ORIENTED_EDGE('',*,*,#1238,.F.);
#1616=ORIENTED_EDGE('',*,*,#1239,.T.);
#1617=ORIENTED_EDGE('',*,*,#1240,.F.);
#1618=ORIENTED_EDGE('',*,*,#1241,.T.);
#1619=ORIENTED_EDGE('',*,*,#1242,.F.);
#1620=ORIENTED_EDGE('',*,*,#1243,.T.);
#1621=ORIENTED_EDGE('',*,*,#1244,.F.);
#1622=ORIENTED_EDGE('',*,*,#1245,.T.);
#1623=ORIENTED_EDGE('',*,*,#1164,.F.);
#1624=ORIENTED_EDGE('',*,*,#1246,.F.);
#1625=ORIENTED_EDGE('',*,*,#1247,.F.);
#1626=ORIENTED_EDGE('',*,*,#1181,.F.);
#1627=ORIENTED_EDGE('',*,*,#1182,.T.);
#1628=ORIENTED_EDGE('',*,*,#1247,.T.);
#1629=ORIENTED_EDGE('',*,*,#1248,.T.);
#1630=ORIENTED_EDGE('',*,*,#1249,.T.);
#1631=ORIENTED_EDGE('',*,*,#1184,.T.);
#1632=ORIENTED_EDGE('',*,*,#1250,.T.);
#1633=ORIENTED_EDGE('',*,*,#1251,.T.);
#1634=ORIENTED_EDGE('',*,*,#1252,.T.);
#1635=ORIENTED_EDGE('',*,*,#1249,.F.);
#1636=ORIENTED_EDGE('',*,*,#1253,.F.);
#1637=ORIENTED_EDGE('',*,*,#1250,.F.);
#1638=ORIENTED_EDGE('',*,*,#1183,.F.);
#1639=ORIENTED_EDGE('',*,*,#1254,.T.);
#1640=ORIENTED_EDGE('',*,*,#1255,.T.);
#1641=ORIENTED_EDGE('',*,*,#1186,.T.);
#1642=ORIENTED_EDGE('',*,*,#1256,.T.);
#1643=ORIENTED_EDGE('',*,*,#1252,.F.);
#1644=ORIENTED_EDGE('',*,*,#1257,.F.);
#1645=ORIENTED_EDGE('',*,*,#1256,.F.);
#1646=ORIENTED_EDGE('',*,*,#1185,.F.);
#1647=ORIENTED_EDGE('',*,*,#1203,.T.);
#1648=ORIENTED_EDGE('',*,*,#1258,.T.);
#1649=ORIENTED_EDGE('',*,*,#1259,.T.);
#1650=ORIENTED_EDGE('',*,*,#1260,.T.);
#1651=ORIENTED_EDGE('',*,*,#1260,.F.);
#1652=ORIENTED_EDGE('',*,*,#1261,.F.);
#1653=ORIENTED_EDGE('',*,*,#1262,.F.);
#1654=ORIENTED_EDGE('',*,*,#1204,.F.);
#1655=ORIENTED_EDGE('',*,*,#1218,.T.);
#1656=ORIENTED_EDGE('',*,*,#1263,.T.);
#1657=ORIENTED_EDGE('',*,*,#1264,.T.);
#1658=ORIENTED_EDGE('',*,*,#1265,.T.);
#1659=ORIENTED_EDGE('',*,*,#1263,.F.);
#1660=ORIENTED_EDGE('',*,*,#1217,.F.);
#1661=ORIENTED_EDGE('',*,*,#1266,.F.);
#1662=ORIENTED_EDGE('',*,*,#1267,.F.);
#1663=ORIENTED_EDGE('',*,*,#1268,.T.);
#1664=ORIENTED_EDGE('',*,*,#1269,.T.);
#1665=ORIENTED_EDGE('',*,*,#1205,.T.);
#1666=ORIENTED_EDGE('',*,*,#1262,.T.);
#1667=ORIENTED_EDGE('',*,*,#1208,.T.);
#1668=ORIENTED_EDGE('',*,*,#1270,.T.);
#1669=ORIENTED_EDGE('',*,*,#1271,.T.);
#1670=ORIENTED_EDGE('',*,*,#1272,.T.);
#1671=ORIENTED_EDGE('',*,*,#1270,.F.);
#1672=ORIENTED_EDGE('',*,*,#1207,.F.);
#1673=ORIENTED_EDGE('',*,*,#1273,.F.);
#1674=ORIENTED_EDGE('',*,*,#1274,.F.);
#1675=ORIENTED_EDGE('',*,*,#1242,.T.);
#1676=ORIENTED_EDGE('',*,*,#1275,.T.);
#1677=ORIENTED_EDGE('',*,*,#1276,.T.);
#1678=ORIENTED_EDGE('',*,*,#1277,.T.);
#1679=ORIENTED_EDGE('',*,*,#1275,.F.);
#1680=ORIENTED_EDGE('',*,*,#1241,.F.);
#1681=ORIENTED_EDGE('',*,*,#1278,.F.);
#1682=ORIENTED_EDGE('',*,*,#1279,.F.);
#1683=ORIENTED_EDGE('',*,*,#1244,.T.);
#1684=ORIENTED_EDGE('',*,*,#1280,.T.);
#1685=ORIENTED_EDGE('',*,*,#1281,.T.);
#1686=ORIENTED_EDGE('',*,*,#1282,.T.);
#1687=ORIENTED_EDGE('',*,*,#1277,.F.);
#1688=ORIENTED_EDGE('',*,*,#1283,.F.);
#1689=ORIENTED_EDGE('',*,*,#1280,.F.);
#1690=ORIENTED_EDGE('',*,*,#1243,.F.);
#1691=ORIENTED_EDGE('',*,*,#1284,.T.);
#1692=ORIENTED_EDGE('',*,*,#1285,.T.);
#1693=ORIENTED_EDGE('',*,*,#1230,.T.);
#1694=ORIENTED_EDGE('',*,*,#1286,.T.);
#1695=ORIENTED_EDGE('',*,*,#1285,.F.);
#1696=ORIENTED_EDGE('',*,*,#1287,.F.);
#1697=ORIENTED_EDGE('',*,*,#1288,.F.);
#1698=ORIENTED_EDGE('',*,*,#1231,.F.);
#1699=ORIENTED_EDGE('',*,*,#1232,.T.);
#1700=ORIENTED_EDGE('',*,*,#1288,.T.);
#1701=ORIENTED_EDGE('',*,*,#1289,.T.);
#1702=ORIENTED_EDGE('',*,*,#1290,.T.);
#1703=ORIENTED_EDGE('',*,*,#1234,.T.);
#1704=ORIENTED_EDGE('',*,*,#1291,.T.);
#1705=ORIENTED_EDGE('',*,*,#1292,.T.);
#1706=ORIENTED_EDGE('',*,*,#1293,.T.);
#1707=ORIENTED_EDGE('',*,*,#1290,.F.);
#1708=ORIENTED_EDGE('',*,*,#1294,.F.);
#1709=ORIENTED_EDGE('',*,*,#1291,.F.);
#1710=ORIENTED_EDGE('',*,*,#1233,.F.);
#1711=ORIENTED_EDGE('',*,*,#1295,.T.);
#1712=ORIENTED_EDGE('',*,*,#1296,.T.);
#1713=ORIENTED_EDGE('',*,*,#1236,.T.);
#1714=ORIENTED_EDGE('',*,*,#1297,.T.);
#1715=ORIENTED_EDGE('',*,*,#1296,.F.);
#1716=ORIENTED_EDGE('',*,*,#1298,.F.);
#1717=ORIENTED_EDGE('',*,*,#1299,.F.);
#1718=ORIENTED_EDGE('',*,*,#1237,.F.);
#1719=ORIENTED_EDGE('',*,*,#1238,.T.);
#1720=ORIENTED_EDGE('',*,*,#1299,.T.);
#1721=ORIENTED_EDGE('',*,*,#1300,.T.);
#1722=ORIENTED_EDGE('',*,*,#1301,.T.);
#1723=ORIENTED_EDGE('',*,*,#1240,.T.);
#1724=ORIENTED_EDGE('',*,*,#1302,.T.);
#1725=ORIENTED_EDGE('',*,*,#1303,.T.);
#1726=ORIENTED_EDGE('',*,*,#1278,.T.);
#1727=ORIENTED_EDGE('',*,*,#1301,.F.);
#1728=ORIENTED_EDGE('',*,*,#1304,.F.);
#1729=ORIENTED_EDGE('',*,*,#1302,.F.);
#1730=ORIENTED_EDGE('',*,*,#1239,.F.);
#1731=ORIENTED_EDGE('',*,*,#1224,.T.);
#1732=ORIENTED_EDGE('',*,*,#1305,.T.);
#1733=ORIENTED_EDGE('',*,*,#1306,.T.);
#1734=ORIENTED_EDGE('',*,*,#1307,.T.);
#1735=ORIENTED_EDGE('',*,*,#1305,.F.);
#1736=ORIENTED_EDGE('',*,*,#1223,.F.);
#1737=ORIENTED_EDGE('',*,*,#1308,.F.);
#1738=ORIENTED_EDGE('',*,*,#1309,.F.);
#1739=ORIENTED_EDGE('',*,*,#1226,.T.);
#1740=ORIENTED_EDGE('',*,*,#1310,.T.);
#1741=ORIENTED_EDGE('',*,*,#1311,.T.);
#1742=ORIENTED_EDGE('',*,*,#1312,.T.);
#1743=ORIENTED_EDGE('',*,*,#1307,.F.);
#1744=ORIENTED_EDGE('',*,*,#1313,.F.);
#1745=ORIENTED_EDGE('',*,*,#1310,.F.);
#1746=ORIENTED_EDGE('',*,*,#1225,.F.);
#1747=ORIENTED_EDGE('',*,*,#1222,.T.);
#1748=ORIENTED_EDGE('',*,*,#1314,.T.);
#1749=ORIENTED_EDGE('',*,*,#1315,.T.);
#1750=ORIENTED_EDGE('',*,*,#1308,.T.);
#1751=ORIENTED_EDGE('',*,*,#1314,.F.);
#1752=ORIENTED_EDGE('',*,*,#1221,.T.);
#1753=ORIENTED_EDGE('',*,*,#1316,.T.);
#1754=ORIENTED_EDGE('',*,*,#1317,.T.);
#1755=ORIENTED_EDGE('',*,*,#1316,.F.);
#1756=ORIENTED_EDGE('',*,*,#1220,.F.);
#1757=ORIENTED_EDGE('',*,*,#1318,.F.);
#1758=ORIENTED_EDGE('',*,*,#1319,.F.);
#1759=ORIENTED_EDGE('',*,*,#1258,.F.);
#1760=ORIENTED_EDGE('',*,*,#1228,.F.);
#1761=ORIENTED_EDGE('',*,*,#1320,.T.);
#1762=ORIENTED_EDGE('',*,*,#1321,.T.);
#1763=ORIENTED_EDGE('',*,*,#1265,.F.);
#1764=ORIENTED_EDGE('',*,*,#1322,.T.);
#1765=ORIENTED_EDGE('',*,*,#1318,.T.);
#1766=ORIENTED_EDGE('',*,*,#1219,.T.);
#1767=ORIENTED_EDGE('',*,*,#1269,.F.);
#1768=ORIENTED_EDGE('',*,*,#1323,.T.);
#1769=ORIENTED_EDGE('',*,*,#1273,.T.);
#1770=ORIENTED_EDGE('',*,*,#1206,.F.);
#1771=ORIENTED_EDGE('',*,*,#1213,.T.);
#1772=ORIENTED_EDGE('',*,*,#1324,.T.);
#1773=ORIENTED_EDGE('',*,*,#1325,.T.);
#1774=ORIENTED_EDGE('',*,*,#1326,.T.);
#1775=ORIENTED_EDGE('',*,*,#1324,.F.);
#1776=ORIENTED_EDGE('',*,*,#1212,.F.);
#1777=ORIENTED_EDGE('',*,*,#1327,.F.);
#1778=ORIENTED_EDGE('',*,*,#1328,.F.);
#1779=ORIENTED_EDGE('',*,*,#1329,.T.);
#1780=ORIENTED_EDGE('',*,*,#1330,.T.);
#1781=ORIENTED_EDGE('',*,*,#1215,.T.);
#1782=ORIENTED_EDGE('',*,*,#1331,.T.);
#1783=ORIENTED_EDGE('',*,*,#1330,.F.);
#1784=ORIENTED_EDGE('',*,*,#1332,.T.);
#1785=ORIENTED_EDGE('',*,*,#1266,.T.);
#1786=ORIENTED_EDGE('',*,*,#1216,.F.);
#1787=ORIENTED_EDGE('',*,*,#1272,.F.);
#1788=ORIENTED_EDGE('',*,*,#1333,.T.);
#1789=ORIENTED_EDGE('',*,*,#1334,.T.);
#1790=ORIENTED_EDGE('',*,*,#1209,.T.);
#1791=ORIENTED_EDGE('',*,*,#1334,.F.);
#1792=ORIENTED_EDGE('',*,*,#1335,.F.);
#1793=ORIENTED_EDGE('',*,*,#1336,.F.);
#1794=ORIENTED_EDGE('',*,*,#1210,.F.);
#1795=ORIENTED_EDGE('',*,*,#1211,.T.);
#1796=ORIENTED_EDGE('',*,*,#1336,.T.);
#1797=ORIENTED_EDGE('',*,*,#1337,.T.);
#1798=ORIENTED_EDGE('',*,*,#1327,.T.);
#1799=ORIENTED_EDGE('',*,*,#1192,.T.);
#1800=ORIENTED_EDGE('',*,*,#1338,.T.);
#1801=ORIENTED_EDGE('',*,*,#1339,.T.);
#1802=ORIENTED_EDGE('',*,*,#1340,.T.);
#1803=ORIENTED_EDGE('',*,*,#1338,.F.);
#1804=ORIENTED_EDGE('',*,*,#1191,.F.);
#1805=ORIENTED_EDGE('',*,*,#1341,.F.);
#1806=ORIENTED_EDGE('',*,*,#1342,.F.);
#1807=ORIENTED_EDGE('',*,*,#1343,.T.);
#1808=ORIENTED_EDGE('',*,*,#1344,.T.);
#1809=ORIENTED_EDGE('',*,*,#1194,.T.);
#1810=ORIENTED_EDGE('',*,*,#1345,.T.);
#1811=ORIENTED_EDGE('',*,*,#1344,.F.);
#1812=ORIENTED_EDGE('',*,*,#1346,.F.);
#1813=ORIENTED_EDGE('',*,*,#1347,.F.);
#1814=ORIENTED_EDGE('',*,*,#1195,.F.);
#1815=ORIENTED_EDGE('',*,*,#1196,.T.);
#1816=ORIENTED_EDGE('',*,*,#1347,.T.);
#1817=ORIENTED_EDGE('',*,*,#1348,.T.);
#1818=ORIENTED_EDGE('',*,*,#1349,.T.);
#1819=ORIENTED_EDGE('',*,*,#1198,.T.);
#1820=ORIENTED_EDGE('',*,*,#1350,.T.);
#1821=ORIENTED_EDGE('',*,*,#1351,.T.);
#1822=ORIENTED_EDGE('',*,*,#1352,.T.);
#1823=ORIENTED_EDGE('',*,*,#1349,.F.);
#1824=ORIENTED_EDGE('',*,*,#1353,.F.);
#1825=ORIENTED_EDGE('',*,*,#1350,.F.);
#1826=ORIENTED_EDGE('',*,*,#1197,.F.);
#1827=ORIENTED_EDGE('',*,*,#1188,.T.);
#1828=ORIENTED_EDGE('',*,*,#1354,.T.);
#1829=ORIENTED_EDGE('',*,*,#1355,.T.);
#1830=ORIENTED_EDGE('',*,*,#1356,.T.);
#1831=ORIENTED_EDGE('',*,*,#1255,.F.);
#1832=ORIENTED_EDGE('',*,*,#1357,.F.);
#1833=ORIENTED_EDGE('',*,*,#1354,.F.);
#1834=ORIENTED_EDGE('',*,*,#1187,.F.);
#1835=ORIENTED_EDGE('',*,*,#1190,.T.);
#1836=ORIENTED_EDGE('',*,*,#1358,.T.);
#1837=ORIENTED_EDGE('',*,*,#1359,.T.);
#1838=ORIENTED_EDGE('',*,*,#1341,.T.);
#1839=ORIENTED_EDGE('',*,*,#1356,.F.);
#1840=ORIENTED_EDGE('',*,*,#1360,.F.);
#1841=ORIENTED_EDGE('',*,*,#1358,.F.);
#1842=ORIENTED_EDGE('',*,*,#1189,.F.);
#1843=ORIENTED_EDGE('',*,*,#1326,.F.);
#1844=ORIENTED_EDGE('',*,*,#1361,.F.);
#1845=ORIENTED_EDGE('',*,*,#1331,.F.);
#1846=ORIENTED_EDGE('',*,*,#1214,.F.);
#1847=ORIENTED_EDGE('',*,*,#1362,.T.);
#1848=ORIENTED_EDGE('',*,*,#1363,.T.);
#1849=ORIENTED_EDGE('',*,*,#1364,.T.);
#1850=ORIENTED_EDGE('',*,*,#1365,.T.);
#1851=ORIENTED_EDGE('',*,*,#1151,.T.);
#1852=ORIENTED_EDGE('',*,*,#1154,.T.);
#1853=ORIENTED_EDGE('',*,*,#1163,.F.);
#1854=ORIENTED_EDGE('',*,*,#1366,.T.);
#1855=ORIENTED_EDGE('',*,*,#1351,.F.);
#1856=ORIENTED_EDGE('',*,*,#1353,.T.);
#1857=ORIENTED_EDGE('',*,*,#1348,.F.);
#1858=ORIENTED_EDGE('',*,*,#1346,.T.);
#1859=ORIENTED_EDGE('',*,*,#1343,.F.);
#1860=ORIENTED_EDGE('',*,*,#1367,.T.);
#1861=ORIENTED_EDGE('',*,*,#1339,.F.);
#1862=ORIENTED_EDGE('',*,*,#1342,.T.);
#1863=ORIENTED_EDGE('',*,*,#1359,.F.);
#1864=ORIENTED_EDGE('',*,*,#1360,.T.);
#1865=ORIENTED_EDGE('',*,*,#1355,.F.);
#1866=ORIENTED_EDGE('',*,*,#1357,.T.);
#1867=ORIENTED_EDGE('',*,*,#1254,.F.);
#1868=ORIENTED_EDGE('',*,*,#1257,.T.);
#1869=ORIENTED_EDGE('',*,*,#1251,.F.);
#1870=ORIENTED_EDGE('',*,*,#1253,.T.);
#1871=ORIENTED_EDGE('',*,*,#1248,.F.);
#1872=ORIENTED_EDGE('',*,*,#1246,.T.);
#1873=ORIENTED_EDGE('',*,*,#1259,.F.);
#1874=ORIENTED_EDGE('',*,*,#1321,.F.);
#1875=ORIENTED_EDGE('',*,*,#1368,.T.);
#1876=ORIENTED_EDGE('',*,*,#1311,.F.);
#1877=ORIENTED_EDGE('',*,*,#1313,.T.);
#1878=ORIENTED_EDGE('',*,*,#1306,.F.);
#1879=ORIENTED_EDGE('',*,*,#1309,.T.);
#1880=ORIENTED_EDGE('',*,*,#1315,.F.);
#1881=ORIENTED_EDGE('',*,*,#1317,.F.);
#1882=ORIENTED_EDGE('',*,*,#1319,.T.);
#1883=ORIENTED_EDGE('',*,*,#1322,.F.);
#1884=ORIENTED_EDGE('',*,*,#1264,.F.);
#1885=ORIENTED_EDGE('',*,*,#1267,.T.);
#1886=ORIENTED_EDGE('',*,*,#1332,.F.);
#1887=ORIENTED_EDGE('',*,*,#1329,.F.);
#1888=ORIENTED_EDGE('',*,*,#1361,.T.);
#1889=ORIENTED_EDGE('',*,*,#1325,.F.);
#1890=ORIENTED_EDGE('',*,*,#1328,.T.);
#1891=ORIENTED_EDGE('',*,*,#1337,.F.);
#1892=ORIENTED_EDGE('',*,*,#1335,.T.);
#1893=ORIENTED_EDGE('',*,*,#1333,.F.);
#1894=ORIENTED_EDGE('',*,*,#1271,.F.);
#1895=ORIENTED_EDGE('',*,*,#1274,.T.);
#1896=ORIENTED_EDGE('',*,*,#1323,.F.);
#1897=ORIENTED_EDGE('',*,*,#1268,.F.);
#1898=ORIENTED_EDGE('',*,*,#1261,.T.);
#1899=ORIENTED_EDGE('',*,*,#1284,.F.);
#1900=ORIENTED_EDGE('',*,*,#1369,.T.);
#1901=ORIENTED_EDGE('',*,*,#1281,.F.);
#1902=ORIENTED_EDGE('',*,*,#1283,.T.);
#1903=ORIENTED_EDGE('',*,*,#1276,.F.);
#1904=ORIENTED_EDGE('',*,*,#1279,.T.);
#1905=ORIENTED_EDGE('',*,*,#1303,.F.);
#1906=ORIENTED_EDGE('',*,*,#1304,.T.);
#1907=ORIENTED_EDGE('',*,*,#1300,.F.);
#1908=ORIENTED_EDGE('',*,*,#1298,.T.);
#1909=ORIENTED_EDGE('',*,*,#1295,.F.);
#1910=ORIENTED_EDGE('',*,*,#1370,.T.);
#1911=ORIENTED_EDGE('',*,*,#1292,.F.);
#1912=ORIENTED_EDGE('',*,*,#1294,.T.);
#1913=ORIENTED_EDGE('',*,*,#1289,.F.);
#1914=ORIENTED_EDGE('',*,*,#1287,.T.);
#1915=ORIENTED_EDGE('',*,*,#1371,.T.);
#1916=ORIENTED_EDGE('',*,*,#1372,.T.);
#1917=ORIENTED_EDGE('',*,*,#1373,.T.);
#1918=ORIENTED_EDGE('',*,*,#1374,.T.);
#1919=ORIENTED_EDGE('',*,*,#1375,.T.);
#1920=ORIENTED_EDGE('',*,*,#1376,.T.);
#1921=ORIENTED_EDGE('',*,*,#1377,.T.);
#1922=ORIENTED_EDGE('',*,*,#1378,.T.);
#1923=ORIENTED_EDGE('',*,*,#1379,.T.);
#1924=ORIENTED_EDGE('',*,*,#1380,.T.);
#1925=ORIENTED_EDGE('',*,*,#1381,.T.);
#1926=ORIENTED_EDGE('',*,*,#1382,.T.);
#1927=ORIENTED_EDGE('',*,*,#1162,.F.);
#1928=ORIENTED_EDGE('',*,*,#1199,.F.);
#1929=ORIENTED_EDGE('',*,*,#1352,.F.);
#1930=ORIENTED_EDGE('',*,*,#1366,.F.);
#1931=ORIENTED_EDGE('',*,*,#1178,.F.);
#1932=ORIENTED_EDGE('',*,*,#1383,.F.);
#1933=ORIENTED_EDGE('',*,*,#1384,.F.);
#1934=ORIENTED_EDGE('',*,*,#1385,.F.);
#1935=ORIENTED_EDGE('',*,*,#1386,.F.);
#1936=ORIENTED_EDGE('',*,*,#1384,.T.);
#1937=ORIENTED_EDGE('',*,*,#1387,.F.);
#1938=ORIENTED_EDGE('',*,*,#1180,.F.);
#1939=ORIENTED_EDGE('',*,*,#1388,.F.);
#1940=ORIENTED_EDGE('',*,*,#1389,.F.);
#1941=ORIENTED_EDGE('',*,*,#1390,.F.);
#1942=ORIENTED_EDGE('',*,*,#1391,.F.);
#1943=ORIENTED_EDGE('',*,*,#1389,.T.);
#1944=ORIENTED_EDGE('',*,*,#1392,.F.);
#1945=ORIENTED_EDGE('',*,*,#1176,.F.);
#1946=ORIENTED_EDGE('',*,*,#1393,.F.);
#1947=ORIENTED_EDGE('',*,*,#1394,.F.);
#1948=ORIENTED_EDGE('',*,*,#1395,.F.);
#1949=ORIENTED_EDGE('',*,*,#1394,.T.);
#1950=ORIENTED_EDGE('',*,*,#1396,.F.);
#1951=ORIENTED_EDGE('',*,*,#1397,.F.);
#1952=ORIENTED_EDGE('',*,*,#1170,.F.);
#1953=ORIENTED_EDGE('',*,*,#1398,.F.);
#1954=ORIENTED_EDGE('',*,*,#1399,.F.);
#1955=ORIENTED_EDGE('',*,*,#1400,.F.);
#1956=ORIENTED_EDGE('',*,*,#1401,.F.);
#1957=ORIENTED_EDGE('',*,*,#1402,.F.);
#1958=ORIENTED_EDGE('',*,*,#1399,.T.);
#1959=ORIENTED_EDGE('',*,*,#1400,.T.);
#1960=ORIENTED_EDGE('',*,*,#1402,.T.);
#1961=ORIENTED_EDGE('',*,*,#1403,.F.);
#1962=ORIENTED_EDGE('',*,*,#1378,.F.);
#1963=ORIENTED_EDGE('',*,*,#1404,.T.);
#1964=ORIENTED_EDGE('',*,*,#1171,.F.);
#1965=ORIENTED_EDGE('',*,*,#1172,.F.);
#1966=ORIENTED_EDGE('',*,*,#1404,.F.);
#1967=ORIENTED_EDGE('',*,*,#1377,.F.);
#1968=ORIENTED_EDGE('',*,*,#1405,.F.);
#1969=ORIENTED_EDGE('',*,*,#1174,.F.);
#1970=ORIENTED_EDGE('',*,*,#1406,.F.);
#1971=ORIENTED_EDGE('',*,*,#1375,.F.);
#1972=ORIENTED_EDGE('',*,*,#1407,.T.);
#1973=ORIENTED_EDGE('',*,*,#1393,.T.);
#1974=ORIENTED_EDGE('',*,*,#1175,.F.);
#1975=ORIENTED_EDGE('',*,*,#1407,.F.);
#1976=ORIENTED_EDGE('',*,*,#1374,.F.);
#1977=ORIENTED_EDGE('',*,*,#1408,.F.);
#1978=ORIENTED_EDGE('',*,*,#1396,.T.);
#1979=ORIENTED_EDGE('',*,*,#1405,.T.);
#1980=ORIENTED_EDGE('',*,*,#1376,.F.);
#1981=ORIENTED_EDGE('',*,*,#1406,.T.);
#1982=ORIENTED_EDGE('',*,*,#1173,.F.);
#1983=ORIENTED_EDGE('',*,*,#1383,.T.);
#1984=ORIENTED_EDGE('',*,*,#1177,.F.);
#1985=ORIENTED_EDGE('',*,*,#1395,.T.);
#1986=ORIENTED_EDGE('',*,*,#1397,.T.);
#1987=ORIENTED_EDGE('',*,*,#1408,.T.);
#1988=ORIENTED_EDGE('',*,*,#1373,.F.);
#1989=ORIENTED_EDGE('',*,*,#1409,.T.);
#1990=ORIENTED_EDGE('',*,*,#1387,.T.);
#1991=ORIENTED_EDGE('',*,*,#1282,.F.);
#1992=ORIENTED_EDGE('',*,*,#1369,.F.);
#1993=ORIENTED_EDGE('',*,*,#1286,.F.);
#1994=ORIENTED_EDGE('',*,*,#1245,.F.);
#1995=ORIENTED_EDGE('',*,*,#1293,.F.);
#1996=ORIENTED_EDGE('',*,*,#1370,.F.);
#1997=ORIENTED_EDGE('',*,*,#1297,.F.);
#1998=ORIENTED_EDGE('',*,*,#1235,.F.);
#1999=ORIENTED_EDGE('',*,*,#1229,.F.);
#2000=ORIENTED_EDGE('',*,*,#1410,.T.);
#2001=ORIENTED_EDGE('',*,*,#1382,.F.);
#2002=ORIENTED_EDGE('',*,*,#1410,.F.);
#2003=ORIENTED_EDGE('',*,*,#1202,.F.);
#2004=ORIENTED_EDGE('',*,*,#1411,.T.);
#2005=ORIENTED_EDGE('',*,*,#1381,.F.);
#2006=ORIENTED_EDGE('',*,*,#1411,.F.);
#2007=ORIENTED_EDGE('',*,*,#1201,.F.);
#2008=ORIENTED_EDGE('',*,*,#1412,.T.);
#2009=ORIENTED_EDGE('',*,*,#1380,.F.);
#2010=ORIENTED_EDGE('',*,*,#1412,.F.);
#2011=ORIENTED_EDGE('',*,*,#1312,.F.);
#2012=ORIENTED_EDGE('',*,*,#1368,.F.);
#2013=ORIENTED_EDGE('',*,*,#1320,.F.);
#2014=ORIENTED_EDGE('',*,*,#1227,.F.);
#2015=ORIENTED_EDGE('',*,*,#1200,.F.);
#2016=ORIENTED_EDGE('',*,*,#1413,.T.);
#2017=ORIENTED_EDGE('',*,*,#1379,.F.);
#2018=ORIENTED_EDGE('',*,*,#1413,.F.);
#2019=ORIENTED_EDGE('',*,*,#1340,.F.);
#2020=ORIENTED_EDGE('',*,*,#1367,.F.);
#2021=ORIENTED_EDGE('',*,*,#1345,.F.);
#2022=ORIENTED_EDGE('',*,*,#1193,.F.);
#2023=ORIENTED_EDGE('',*,*,#1386,.T.);
#2024=ORIENTED_EDGE('',*,*,#1409,.F.);
#2025=ORIENTED_EDGE('',*,*,#1372,.F.);
#2026=ORIENTED_EDGE('',*,*,#1414,.T.);
#2027=ORIENTED_EDGE('',*,*,#1392,.T.);
#2028=ORIENTED_EDGE('',*,*,#1388,.T.);
#2029=ORIENTED_EDGE('',*,*,#1179,.F.);
#2030=ORIENTED_EDGE('',*,*,#1385,.T.);
#2031=ORIENTED_EDGE('',*,*,#1391,.T.);
#2032=ORIENTED_EDGE('',*,*,#1414,.F.);
#2033=ORIENTED_EDGE('',*,*,#1371,.F.);
#2034=ORIENTED_EDGE('',*,*,#1403,.T.);
#2035=ORIENTED_EDGE('',*,*,#1401,.T.);
#2036=ORIENTED_EDGE('',*,*,#1398,.T.);
#2037=ORIENTED_EDGE('',*,*,#1169,.F.);
#2038=ORIENTED_EDGE('',*,*,#1390,.T.);
#2039=ORIENTED_EDGE('',*,*,#1166,.T.);
#2040=ORIENTED_EDGE('',*,*,#1415,.T.);
#2041=ORIENTED_EDGE('',*,*,#1365,.F.);
#2042=ORIENTED_EDGE('',*,*,#1416,.F.);
#2043=ORIENTED_EDGE('',*,*,#1167,.T.);
#2044=ORIENTED_EDGE('',*,*,#1416,.T.);
#2045=ORIENTED_EDGE('',*,*,#1364,.F.);
#2046=ORIENTED_EDGE('',*,*,#1417,.F.);
#2047=ORIENTED_EDGE('',*,*,#1168,.T.);
#2048=ORIENTED_EDGE('',*,*,#1417,.T.);
#2049=ORIENTED_EDGE('',*,*,#1363,.F.);
#2050=ORIENTED_EDGE('',*,*,#1418,.F.);
#2051=ORIENTED_EDGE('',*,*,#1165,.T.);
#2052=ORIENTED_EDGE('',*,*,#1418,.T.);
#2053=ORIENTED_EDGE('',*,*,#1362,.F.);
#2054=ORIENTED_EDGE('',*,*,#1415,.F.);
#2055=PLANE('',#2263);
#2056=PLANE('',#2264);
#2057=PLANE('',#2265);
#2058=PLANE('',#2266);
#2059=PLANE('',#2267);
#2060=PLANE('',#2268);
#2061=PLANE('',#2269);
#2062=PLANE('',#2270);
#2063=PLANE('',#2271);
#2064=PLANE('',#2272);
#2065=PLANE('',#2273);
#2066=PLANE('',#2274);
#2067=PLANE('',#2275);
#2068=PLANE('',#2276);
#2069=PLANE('',#2277);
#2070=PLANE('',#2278);
#2071=PLANE('',#2279);
#2072=PLANE('',#2280);
#2073=PLANE('',#2281);
#2074=PLANE('',#2282);
#2075=PLANE('',#2292);
#2076=PLANE('',#2296);
#2077=PLANE('',#2300);
#2078=PLANE('',#2338);
#2079=PLANE('',#2343);
#2080=PLANE('',#2346);
#2081=PLANE('',#2349);
#2082=PLANE('',#2352);
#2083=PLANE('',#2357);
#2084=PLANE('',#2360);
#2085=PLANE('',#2363);
#2086=PLANE('',#2366);
#2087=PLANE('',#2371);
#2088=PLANE('',#2374);
#2089=PLANE('',#2379);
#2090=PLANE('',#2382);
#2091=PLANE('',#2385);
#2092=PLANE('',#2390);
#2093=PLANE('',#2399);
#2094=PLANE('',#2406);
#2095=PLANE('',#2411);
#2096=PLANE('',#2414);
#2097=PLANE('',#2419);
#2098=PLANE('',#2422);
#2099=PLANE('',#2425);
#2100=PLANE('',#2426);
#2101=PLANE('',#2427);
#2102=PLANE('',#2432);
#2103=PLANE('',#2433);
#2104=PLANE('',#2434);
#2105=PLANE('',#2435);
#2106=PLANE('',#2436);
#2107=PLANE('',#2437);
#2108=PLANE('',#2438);
#2109=PLANE('',#2439);
#2110=PLANE('',#2440);
#2111=PLANE('',#2441);
#2112=PLANE('',#2442);
#2113=PLANE('',#2443);
#2114=PLANE('',#2444);
#2115=PLANE('',#2445);
#2116=PLANE('',#2446);
#2117=PLANE('',#2447);
#2118=PLANE('',#2448);
#2119=PLANE('',#2452);
#2120=PLANE('',#2454);
#2121=PLANE('',#2455);
#2122=PLANE('',#2456);
#2123=PLANE('',#2457);
#2124=PLANE('',#2458);
#2125=PLANE('',#2459);
#2126=PLANE('',#2460);
#2127=ADVANCED_FACE('',(#167),#2055,.F.);
#2128=ADVANCED_FACE('',(#168),#2056,.F.);
#2129=ADVANCED_FACE('',(#169),#2057,.F.);
#2130=ADVANCED_FACE('',(#170),#2058,.F.);
#2131=ADVANCED_FACE('',(#171),#2059,.F.);
#2132=ADVANCED_FACE('',(#172),#2060,.F.);
#2133=ADVANCED_FACE('',(#173),#2061,.F.);
#2134=ADVANCED_FACE('',(#174),#2062,.F.);
#2135=ADVANCED_FACE('',(#175),#2063,.F.);
#2136=ADVANCED_FACE('',(#176),#2064,.F.);
#2137=ADVANCED_FACE('',(#177),#2065,.F.);
#2138=ADVANCED_FACE('',(#178),#2066,.F.);
#2139=ADVANCED_FACE('',(#179),#2067,.F.);
#2140=ADVANCED_FACE('',(#180),#2068,.F.);
#2141=ADVANCED_FACE('',(#181),#2069,.F.);
#2142=ADVANCED_FACE('',(#182),#2070,.F.);
#2143=ADVANCED_FACE('',(#183),#2071,.F.);
#2144=ADVANCED_FACE('',(#184),#2072,.F.);
#2145=ADVANCED_FACE('',(#185),#2073,.F.);
#2146=ADVANCED_FACE('',(#186),#2074,.F.);
#2147=ADVANCED_FACE('',(#187),#125,.F.);
#2148=ADVANCED_FACE('',(#188),#126,.F.);
#2149=ADVANCED_FACE('',(#189),#127,.T.);
#2150=ADVANCED_FACE('',(#190,#15),#2075,.T.);
#2151=ADVANCED_FACE('',(#191),#128,.T.);
#2152=ADVANCED_FACE('',(#192,#16),#2076,.T.);
#2153=ADVANCED_FACE('',(#193),#129,.T.);
#2154=ADVANCED_FACE('',(#194,#17,#18,#19,#20,#21,#22,#23,#24,#25,#26,#27,
#28,#29,#30),#2077,.F.);
#2155=ADVANCED_FACE('',(#195),#2078,.F.);
#2156=ADVANCED_FACE('',(#196),#130,.F.);
#2157=ADVANCED_FACE('',(#197),#131,.F.);
#2158=ADVANCED_FACE('',(#198),#2079,.F.);
#2159=ADVANCED_FACE('',(#199),#132,.T.);
#2160=ADVANCED_FACE('',(#200),#2080,.F.);
#2161=ADVANCED_FACE('',(#201),#133,.T.);
#2162=ADVANCED_FACE('',(#202),#2081,.F.);
#2163=ADVANCED_FACE('',(#203),#134,.F.);
#2164=ADVANCED_FACE('',(#204),#2082,.F.);
#2165=ADVANCED_FACE('',(#205),#135,.T.);
#2166=ADVANCED_FACE('',(#206),#136,.F.);
#2167=ADVANCED_FACE('',(#207),#2083,.F.);
#2168=ADVANCED_FACE('',(#208),#137,.F.);
#2169=ADVANCED_FACE('',(#209),#2084,.F.);
#2170=ADVANCED_FACE('',(#210),#138,.F.);
#2171=ADVANCED_FACE('',(#211),#2085,.F.);
#2172=ADVANCED_FACE('',(#212),#139,.T.);
#2173=ADVANCED_FACE('',(#213),#2086,.F.);
#2174=ADVANCED_FACE('',(#214),#140,.F.);
#2175=ADVANCED_FACE('',(#215),#141,.F.);
#2176=ADVANCED_FACE('',(#216),#2087,.F.);
#2177=ADVANCED_FACE('',(#217),#142,.T.);
#2178=ADVANCED_FACE('',(#218),#2088,.F.);
#2179=ADVANCED_FACE('',(#219),#143,.F.);
#2180=ADVANCED_FACE('',(#220),#144,.F.);
#2181=ADVANCED_FACE('',(#221),#2089,.F.);
#2182=ADVANCED_FACE('',(#222),#145,.F.);
#2183=ADVANCED_FACE('',(#223),#2090,.F.);
#2184=ADVANCED_FACE('',(#224),#146,.F.);
#2185=ADVANCED_FACE('',(#225),#2091,.F.);
#2186=ADVANCED_FACE('',(#226),#147,.F.);
#2187=ADVANCED_FACE('',(#227),#148,.T.);
#2188=ADVANCED_FACE('',(#228),#2092,.F.);
#2189=ADVANCED_FACE('',(#229),#149,.F.);
#2190=ADVANCED_FACE('',(#230),#150,.T.);
#2191=ADVANCED_FACE('',(#231),#151,.F.);
#2192=ADVANCED_FACE('',(#232),#152,.F.);
#2193=ADVANCED_FACE('',(#233),#2093,.F.);
#2194=ADVANCED_FACE('',(#234),#153,.T.);
#2195=ADVANCED_FACE('',(#235),#154,.F.);
#2196=ADVANCED_FACE('',(#236),#155,.T.);
#2197=ADVANCED_FACE('',(#237),#2094,.F.);
#2198=ADVANCED_FACE('',(#238),#156,.F.);
#2199=ADVANCED_FACE('',(#239),#157,.F.);
#2200=ADVANCED_FACE('',(#240),#2095,.F.);
#2201=ADVANCED_FACE('',(#241),#158,.T.);
#2202=ADVANCED_FACE('',(#242),#2096,.F.);
#2203=ADVANCED_FACE('',(#243),#159,.F.);
#2204=ADVANCED_FACE('',(#244),#160,.F.);
#2205=ADVANCED_FACE('',(#245),#2097,.F.);
#2206=ADVANCED_FACE('',(#246),#161,.F.);
#2207=ADVANCED_FACE('',(#247),#2098,.F.);
#2208=ADVANCED_FACE('',(#248),#162,.F.);
#2209=ADVANCED_FACE('',(#249),#2099,.F.);
#2210=ADVANCED_FACE('',(#250),#2100,.F.);
#2211=ADVANCED_FACE('',(#251,#31,#32,#33,#34,#35,#36,#37,#38,#39,#40),#2101,
 .T.);
#2212=ADVANCED_FACE('',(#252),#2102,.F.);
#2213=ADVANCED_FACE('',(#253),#2103,.T.);
#2214=ADVANCED_FACE('',(#254),#2104,.T.);
#2215=ADVANCED_FACE('',(#255),#2105,.T.);
#2216=ADVANCED_FACE('',(#256),#2106,.T.);
#2217=ADVANCED_FACE('',(#257),#2107,.T.);
#2218=ADVANCED_FACE('',(#258),#2108,.T.);
#2219=ADVANCED_FACE('',(#259),#2109,.T.);
#2220=ADVANCED_FACE('',(#260),#2110,.T.);
#2221=ADVANCED_FACE('',(#261),#2111,.T.);
#2222=ADVANCED_FACE('',(#262),#2112,.T.);
#2223=ADVANCED_FACE('',(#263),#2113,.T.);
#2224=ADVANCED_FACE('',(#264),#2114,.T.);
#2225=ADVANCED_FACE('',(#265),#2115,.F.);
#2226=ADVANCED_FACE('',(#266),#2116,.F.);
#2227=ADVANCED_FACE('',(#267),#2117,.F.);
#2228=ADVANCED_FACE('',(#268),#2118,.F.);
#2229=ADVANCED_FACE('',(#269),#163,.F.);
#2230=ADVANCED_FACE('',(#270),#164,.F.);
#2231=ADVANCED_FACE('',(#271),#165,.F.);
#2232=ADVANCED_FACE('',(#272),#2119,.F.);
#2233=ADVANCED_FACE('',(#273),#166,.F.);
#2234=ADVANCED_FACE('',(#274),#2120,.F.);
#2235=ADVANCED_FACE('',(#275),#2121,.F.);
#2236=ADVANCED_FACE('',(#276),#2122,.F.);
#2237=ADVANCED_FACE('',(#277),#2123,.T.);
#2238=ADVANCED_FACE('',(#278),#2124,.T.);
#2239=ADVANCED_FACE('',(#279),#2125,.T.);
#2240=ADVANCED_FACE('',(#280),#2126,.T.);
#2241=CLOSED_SHELL('',(#2127,#2128,#2129,#2130,#2131,#2132,#2133,#2134,
#2135,#2136,#2137,#2138,#2139,#2140,#2141,#2142,#2143,#2144,#2145,#2146,
#2147,#2148,#2149,#2150,#2151,#2152,#2153,#2154,#2155,#2156,#2157,#2158,
#2159,#2160,#2161,#2162,#2163,#2164,#2165,#2166,#2167,#2168,#2169,#2170,
#2171,#2172,#2173,#2174,#2175,#2176,#2177,#2178,#2179,#2180,#2181,#2182,
#2183,#2184,#2185,#2186,#2187,#2188,#2189,#2190,#2191,#2192,#2193,#2194,
#2195,#2196,#2197,#2198,#2199,#2200,#2201,#2202,#2203,#2204,#2205,#2206,
#2207,#2208,#2209,#2210,#2211,#2212,#2213,#2214,#2215,#2216,#2217,#2218,
#2219,#2220,#2221,#2222,#2223,#2224,#2225,#2226,#2227,#2228,#2229,#2230,
#2231,#2232,#2233,#2234,#2235,#2236,#2237,#2238,#2239,#2240));
#2242=DERIVED_UNIT_ELEMENT(#2244,1.);
#2243=DERIVED_UNIT_ELEMENT(#3746,-3.);
#2244=(
CONVERSION_BASED_UNIT('gram',#2246)
MASS_UNIT()
NAMED_UNIT(#3743)
);
#2245=(
MASS_UNIT()
NAMED_UNIT(*)
SI_UNIT(.KILO.,.GRAM.)
);
#2246=MASS_MEASURE_WITH_UNIT(MASS_MEASURE(0.001),#2245);
#2247=DERIVED_UNIT((#2242,#2243));
#2248=MEASURE_REPRESENTATION_ITEM('density measure',
POSITIVE_RATIO_MEASURE(1.1),#2247);
#2249=PROPERTY_DEFINITION_REPRESENTATION(#2254,#2251);
#2250=PROPERTY_DEFINITION_REPRESENTATION(#2255,#2252);
#2251=REPRESENTATION('material name',(#2253),#3740);
#2252=REPRESENTATION('density',(#2248),#3740);
#2253=DESCRIPTIVE_REPRESENTATION_ITEM('PC/ABS Plastic','PC/ABS Plastic');
#2254=PROPERTY_DEFINITION('material property','material name',#3754);
#2255=PROPERTY_DEFINITION('material property','density of part',#3754);
#2256=DATE_TIME_ROLE('creation_date');
#2257=APPLIED_DATE_AND_TIME_ASSIGNMENT(#2258,#2256,(#3754));
#2258=DATE_AND_TIME(#2259,#2260);
#2259=CALENDAR_DATE(2026,28,3);
#2260=LOCAL_TIME(0,0,0.,#2261);
#2261=COORDINATED_UNIVERSAL_TIME_OFFSET(0,0,.BEHIND.);
#2262=AXIS2_PLACEMENT_3D('',#3093,#2461,#2462);
#2263=AXIS2_PLACEMENT_3D('',#3094,#2463,#2464);
#2264=AXIS2_PLACEMENT_3D('',#3103,#2469,#2470);
#2265=AXIS2_PLACEMENT_3D('',#3109,#2474,#2475);
#2266=AXIS2_PLACEMENT_3D('',#3115,#2479,#2480);
#2267=AXIS2_PLACEMENT_3D('',#3118,#2483,#2484);
#2268=AXIS2_PLACEMENT_3D('',#3119,#2485,#2486);
#2269=AXIS2_PLACEMENT_3D('',#3128,#2491,#2492);
#2270=AXIS2_PLACEMENT_3D('',#3134,#2496,#2497);
#2271=AXIS2_PLACEMENT_3D('',#3140,#2501,#2502);
#2272=AXIS2_PLACEMENT_3D('',#3143,#2505,#2506);
#2273=AXIS2_PLACEMENT_3D('',#3144,#2507,#2508);
#2274=AXIS2_PLACEMENT_3D('',#3153,#2513,#2514);
#2275=AXIS2_PLACEMENT_3D('',#3159,#2518,#2519);
#2276=AXIS2_PLACEMENT_3D('',#3165,#2523,#2524);
#2277=AXIS2_PLACEMENT_3D('',#3168,#2527,#2528);
#2278=AXIS2_PLACEMENT_3D('',#3169,#2529,#2530);
#2279=AXIS2_PLACEMENT_3D('',#3178,#2535,#2536);
#2280=AXIS2_PLACEMENT_3D('',#3184,#2540,#2541);
#2281=AXIS2_PLACEMENT_3D('',#3190,#2545,#2546);
#2282=AXIS2_PLACEMENT_3D('',#3193,#2549,#2550);
#2283=AXIS2_PLACEMENT_3D('',#3194,#2551,#2552);
#2284=AXIS2_PLACEMENT_3D('',#3196,#2553,#2554);
#2285=AXIS2_PLACEMENT_3D('',#3199,#2556,#2557);
#2286=AXIS2_PLACEMENT_3D('',#3200,#2558,#2559);
#2287=AXIS2_PLACEMENT_3D('',#3202,#2560,#2561);
#2288=AXIS2_PLACEMENT_3D('',#3205,#2563,#2564);
#2289=AXIS2_PLACEMENT_3D('',#3206,#2565,#2566);
#2290=AXIS2_PLACEMENT_3D('',#3208,#2567,#2568);
#2291=AXIS2_PLACEMENT_3D('',#3211,#2570,#2571);
#2292=AXIS2_PLACEMENT_3D('',#3212,#2572,#2573);
#2293=AXIS2_PLACEMENT_3D('',#3213,#2574,#2575);
#2294=AXIS2_PLACEMENT_3D('',#3215,#2576,#2577);
#2295=AXIS2_PLACEMENT_3D('',#3218,#2579,#2580);
#2296=AXIS2_PLACEMENT_3D('',#3219,#2581,#2582);
#2297=AXIS2_PLACEMENT_3D('',#3220,#2583,#2584);
#2298=AXIS2_PLACEMENT_3D('',#3223,#2585,#2586);
#2299=AXIS2_PLACEMENT_3D('',#3227,#2588,#2589);
#2300=AXIS2_PLACEMENT_3D('',#3229,#2591,#2592);
#2301=AXIS2_PLACEMENT_3D('',#3265,#2610,#2611);
#2302=AXIS2_PLACEMENT_3D('',#3269,#2613,#2614);
#2303=AXIS2_PLACEMENT_3D('',#3273,#2616,#2617);
#2304=AXIS2_PLACEMENT_3D('',#3277,#2619,#2620);
#2305=AXIS2_PLACEMENT_3D('',#3281,#2622,#2623);
#2306=AXIS2_PLACEMENT_3D('',#3285,#2625,#2626);
#2307=AXIS2_PLACEMENT_3D('',#3289,#2628,#2629);
#2308=AXIS2_PLACEMENT_3D('',#3293,#2631,#2632);
#2309=AXIS2_PLACEMENT_3D('',#3297,#2634,#2635);
#2310=AXIS2_PLACEMENT_3D('',#3300,#2637,#2638);
#2311=AXIS2_PLACEMENT_3D('',#3302,#2639,#2640);
#2312=AXIS2_PLACEMENT_3D('',#3304,#2641,#2642);
#2313=AXIS2_PLACEMENT_3D('',#3307,#2643,#2644);
#2314=AXIS2_PLACEMENT_3D('',#3311,#2646,#2647);
#2315=AXIS2_PLACEMENT_3D('',#3313,#2648,#2649);
#2316=AXIS2_PLACEMENT_3D('',#3317,#2651,#2652);
#2317=AXIS2_PLACEMENT_3D('',#3319,#2653,#2654);
#2318=AXIS2_PLACEMENT_3D('',#3323,#2656,#2657);
#2319=AXIS2_PLACEMENT_3D('',#3327,#2659,#2660);
#2320=AXIS2_PLACEMENT_3D('',#3331,#2662,#2663);
#2321=AXIS2_PLACEMENT_3D('',#3333,#2664,#2665);
#2322=AXIS2_PLACEMENT_3D('',#3337,#2667,#2668);
#2323=AXIS2_PLACEMENT_3D('',#3339,#2669,#2670);
#2324=AXIS2_PLACEMENT_3D('',#3343,#2672,#2673);
#2325=AXIS2_PLACEMENT_3D('',#3345,#2674,#2675);
#2326=AXIS2_PLACEMENT_3D('',#3349,#2677,#2678);
#2327=AXIS2_PLACEMENT_3D('',#3353,#2680,#2681);
#2328=AXIS2_PLACEMENT_3D('',#3356,#2683,#2684);
#2329=AXIS2_PLACEMENT_3D('',#3358,#2685,#2686);
#2330=AXIS2_PLACEMENT_3D('',#3361,#2687,#2688);
#2331=AXIS2_PLACEMENT_3D('',#3365,#2690,#2691);
#2332=AXIS2_PLACEMENT_3D('',#3369,#2693,#2694);
#2333=AXIS2_PLACEMENT_3D('',#3373,#2696,#2697);
#2334=AXIS2_PLACEMENT_3D('',#3377,#2699,#2700);
#2335=AXIS2_PLACEMENT_3D('',#3381,#2702,#2703);
#2336=AXIS2_PLACEMENT_3D('',#3385,#2705,#2706);
#2337=AXIS2_PLACEMENT_3D('',#3389,#2708,#2709);
#2338=AXIS2_PLACEMENT_3D('',#3391,#2711,#2712);
#2339=AXIS2_PLACEMENT_3D('',#3395,#2715,#2716);
#2340=AXIS2_PLACEMENT_3D('',#3397,#2717,#2718);
#2341=AXIS2_PLACEMENT_3D('',#3399,#2720,#2721);
#2342=AXIS2_PLACEMENT_3D('',#3403,#2723,#2724);
#2343=AXIS2_PLACEMENT_3D('',#3405,#2726,#2727);
#2344=AXIS2_PLACEMENT_3D('',#3407,#2729,#2730);
#2345=AXIS2_PLACEMENT_3D('',#3410,#2731,#2732);
#2346=AXIS2_PLACEMENT_3D('',#3413,#2735,#2736);
#2347=AXIS2_PLACEMENT_3D('',#3415,#2738,#2739);
#2348=AXIS2_PLACEMENT_3D('',#3419,#2741,#2742);
#2349=AXIS2_PLACEMENT_3D('',#3421,#2744,#2745);
#2350=AXIS2_PLACEMENT_3D('',#3425,#2748,#2749);
#2351=AXIS2_PLACEMENT_3D('',#3429,#2751,#2752);
#2352=AXIS2_PLACEMENT_3D('',#3431,#2754,#2755);
#2353=AXIS2_PLACEMENT_3D('',#3435,#2758,#2759);
#2354=AXIS2_PLACEMENT_3D('',#3437,#2760,#2761);
#2355=AXIS2_PLACEMENT_3D('',#3439,#2763,#2764);
#2356=AXIS2_PLACEMENT_3D('',#3443,#2766,#2767);
#2357=AXIS2_PLACEMENT_3D('',#3445,#2769,#2770);
#2358=AXIS2_PLACEMENT_3D('',#3449,#2773,#2774);
#2359=AXIS2_PLACEMENT_3D('',#3453,#2776,#2777);
#2360=AXIS2_PLACEMENT_3D('',#3455,#2779,#2780);
#2361=AXIS2_PLACEMENT_3D('',#3459,#2783,#2784);
#2362=AXIS2_PLACEMENT_3D('',#3463,#2786,#2787);
#2363=AXIS2_PLACEMENT_3D('',#3465,#2789,#2790);
#2364=AXIS2_PLACEMENT_3D('',#3467,#2792,#2793);
#2365=AXIS2_PLACEMENT_3D('',#3470,#2794,#2795);
#2366=AXIS2_PLACEMENT_3D('',#3473,#2798,#2799);
#2367=AXIS2_PLACEMENT_3D('',#3477,#2802,#2803);
#2368=AXIS2_PLACEMENT_3D('',#3479,#2804,#2805);
#2369=AXIS2_PLACEMENT_3D('',#3481,#2807,#2808);
#2370=AXIS2_PLACEMENT_3D('',#3485,#2810,#2811);
#2371=AXIS2_PLACEMENT_3D('',#3487,#2813,#2814);
#2372=AXIS2_PLACEMENT_3D('',#3489,#2816,#2817);
#2373=AXIS2_PLACEMENT_3D('',#3492,#2818,#2819);
#2374=AXIS2_PLACEMENT_3D('',#3495,#2822,#2823);
#2375=AXIS2_PLACEMENT_3D('',#3499,#2826,#2827);
#2376=AXIS2_PLACEMENT_3D('',#3501,#2828,#2829);
#2377=AXIS2_PLACEMENT_3D('',#3503,#2831,#2832);
#2378=AXIS2_PLACEMENT_3D('',#3506,#2834,#2835);
#2379=AXIS2_PLACEMENT_3D('',#3507,#2836,#2837);
#2380=AXIS2_PLACEMENT_3D('',#3509,#2839,#2840);
#2381=AXIS2_PLACEMENT_3D('',#3513,#2842,#2843);
#2382=AXIS2_PLACEMENT_3D('',#3515,#2845,#2846);
#2383=AXIS2_PLACEMENT_3D('',#3519,#2849,#2850);
#2384=AXIS2_PLACEMENT_3D('',#3523,#2852,#2853);
#2385=AXIS2_PLACEMENT_3D('',#3525,#2855,#2856);
#2386=AXIS2_PLACEMENT_3D('',#3527,#2858,#2859);
#2387=AXIS2_PLACEMENT_3D('',#3530,#2861,#2862);
#2388=AXIS2_PLACEMENT_3D('',#3531,#2863,#2864);
#2389=AXIS2_PLACEMENT_3D('',#3534,#2866,#2867);
#2390=AXIS2_PLACEMENT_3D('',#3535,#2868,#2869);
#2391=AXIS2_PLACEMENT_3D('',#3539,#2872,#2873);
#2392=AXIS2_PLACEMENT_3D('',#3542,#2875,#2876);
#2393=AXIS2_PLACEMENT_3D('',#3543,#2877,#2878);
#2394=AXIS2_PLACEMENT_3D('',#3544,#2879,#2880);
#2395=AXIS2_PLACEMENT_3D('',#3545,#2881,#2882);
#2396=AXIS2_PLACEMENT_3D('',#3546,#2883,#2884);
#2397=AXIS2_PLACEMENT_3D('',#3547,#2885,#2886);
#2398=AXIS2_PLACEMENT_3D('',#3551,#2888,#2889);
#2399=AXIS2_PLACEMENT_3D('',#3553,#2891,#2892);
#2400=AXIS2_PLACEMENT_3D('',#3557,#2895,#2896);
#2401=AXIS2_PLACEMENT_3D('',#3560,#2897,#2898);
#2402=AXIS2_PLACEMENT_3D('',#3563,#2901,#2902);
#2403=AXIS2_PLACEMENT_3D('',#3564,#2903,#2904);
#2404=AXIS2_PLACEMENT_3D('',#3565,#2905,#2906);
#2405=AXIS2_PLACEMENT_3D('',#3567,#2907,#2908);
#2406=AXIS2_PLACEMENT_3D('',#3569,#2910,#2911);
#2407=AXIS2_PLACEMENT_3D('',#3573,#2914,#2915);
#2408=AXIS2_PLACEMENT_3D('',#3574,#2916,#2917);
#2409=AXIS2_PLACEMENT_3D('',#3575,#2918,#2919);
#2410=AXIS2_PLACEMENT_3D('',#3579,#2921,#2922);
#2411=AXIS2_PLACEMENT_3D('',#3581,#2924,#2925);
#2412=AXIS2_PLACEMENT_3D('',#3585,#2928,#2929);
#2413=AXIS2_PLACEMENT_3D('',#3588,#2930,#2931);
#2414=AXIS2_PLACEMENT_3D('',#3591,#2934,#2935);
#2415=AXIS2_PLACEMENT_3D('',#3595,#2938,#2939);
#2416=AXIS2_PLACEMENT_3D('',#3597,#2940,#2941);
#2417=AXIS2_PLACEMENT_3D('',#3599,#2943,#2944);
#2418=AXIS2_PLACEMENT_3D('',#3603,#2946,#2947);
#2419=AXIS2_PLACEMENT_3D('',#3605,#2949,#2950);
#2420=AXIS2_PLACEMENT_3D('',#3607,#2952,#2953);
#2421=AXIS2_PLACEMENT_3D('',#3611,#2955,#2956);
#2422=AXIS2_PLACEMENT_3D('',#3613,#2958,#2959);
#2423=AXIS2_PLACEMENT_3D('',#3615,#2961,#2962);
#2424=AXIS2_PLACEMENT_3D('',#3618,#2964,#2965);
#2425=AXIS2_PLACEMENT_3D('',#3619,#2966,#2967);
#2426=AXIS2_PLACEMENT_3D('',#3621,#2969,#2970);
#2427=AXIS2_PLACEMENT_3D('',#3623,#2972,#2973);
#2428=AXIS2_PLACEMENT_3D('',#3654,#2991,#2992);
#2429=AXIS2_PLACEMENT_3D('',#3656,#2993,#2994);
#2430=AXIS2_PLACEMENT_3D('',#3658,#2995,#2996);
#2431=AXIS2_PLACEMENT_3D('',#3660,#2997,#2998);
#2432=AXIS2_PLACEMENT_3D('',#3661,#2999,#3000);
#2433=AXIS2_PLACEMENT_3D('',#3662,#3001,#3002);
#2434=AXIS2_PLACEMENT_3D('',#3668,#3006,#3007);
#2435=AXIS2_PLACEMENT_3D('',#3672,#3010,#3011);
#2436=AXIS2_PLACEMENT_3D('',#3678,#3015,#3016);
#2437=AXIS2_PLACEMENT_3D('',#3682,#3019,#3020);
#2438=AXIS2_PLACEMENT_3D('',#3688,#3024,#3025);
#2439=AXIS2_PLACEMENT_3D('',#3692,#3028,#3029);
#2440=AXIS2_PLACEMENT_3D('',#3698,#3033,#3034);
#2441=AXIS2_PLACEMENT_3D('',#3702,#3037,#3038);
#2442=AXIS2_PLACEMENT_3D('',#3705,#3041,#3042);
#2443=AXIS2_PLACEMENT_3D('',#3707,#3044,#3045);
#2444=AXIS2_PLACEMENT_3D('',#3710,#3048,#3049);
#2445=AXIS2_PLACEMENT_3D('',#3712,#3051,#3052);
#2446=AXIS2_PLACEMENT_3D('',#3713,#3053,#3054);
#2447=AXIS2_PLACEMENT_3D('',#3715,#3056,#3057);
#2448=AXIS2_PLACEMENT_3D('',#3716,#3058,#3059);
#2449=AXIS2_PLACEMENT_3D('',#3717,#3060,#3061);
#2450=AXIS2_PLACEMENT_3D('',#3719,#3063,#3064);
#2451=AXIS2_PLACEMENT_3D('',#3721,#3066,#3067);
#2452=AXIS2_PLACEMENT_3D('',#3723,#3069,#3070);
#2453=AXIS2_PLACEMENT_3D('',#3724,#3071,#3072);
#2454=AXIS2_PLACEMENT_3D('',#3726,#3074,#3075);
#2455=AXIS2_PLACEMENT_3D('',#3727,#3076,#3077);
#2456=AXIS2_PLACEMENT_3D('',#3729,#3079,#3080);
#2457=AXIS2_PLACEMENT_3D('',#3730,#3081,#3082);
#2458=AXIS2_PLACEMENT_3D('',#3733,#3085,#3086);
#2459=AXIS2_PLACEMENT_3D('',#3735,#3088,#3089);
#2460=AXIS2_PLACEMENT_3D('',#3737,#3091,#3092);
#2461=DIRECTION('axis',(0.,0.,1.));
#2462=DIRECTION('refdir',(1.,0.,0.));
#2463=DIRECTION('center_axis',(1.,0.,0.));
#2464=DIRECTION('ref_axis',(0.,0.,-1.));
#2465=DIRECTION('',(0.,0.,-1.));
#2466=DIRECTION('',(0.,1.,0.));
#2467=DIRECTION('',(0.,0.,-1.));
#2468=DIRECTION('',(0.,1.,0.));
#2469=DIRECTION('center_axis',(0.,0.,1.));
#2470=DIRECTION('ref_axis',(1.,0.,0.));
#2471=DIRECTION('',(1.,0.,0.));
#2472=DIRECTION('',(0.,1.,0.));
#2473=DIRECTION('',(1.,0.,0.));
#2474=DIRECTION('center_axis',(-1.,0.,0.));
#2475=DIRECTION('ref_axis',(0.,0.,1.));
#2476=DIRECTION('',(0.,0.,1.));
#2477=DIRECTION('',(0.,1.,0.));
#2478=DIRECTION('',(0.,0.,1.));
#2479=DIRECTION('center_axis',(0.,0.,-1.));
#2480=DIRECTION('ref_axis',(-1.,0.,0.));
#2481=DIRECTION('',(-1.,0.,0.));
#2482=DIRECTION('',(-1.,0.,0.));
#2483=DIRECTION('center_axis',(0.,1.,0.));
#2484=DIRECTION('ref_axis',(0.,0.,1.));
#2485=DIRECTION('center_axis',(1.,0.,0.));
#2486=DIRECTION('ref_axis',(0.,0.,-1.));
#2487=DIRECTION('',(0.,0.,-1.));
#2488=DIRECTION('',(0.,1.,0.));
#2489=DIRECTION('',(0.,0.,-1.));
#2490=DIRECTION('',(0.,1.,0.));
#2491=DIRECTION('center_axis',(0.,0.,1.));
#2492=DIRECTION('ref_axis',(1.,0.,0.));
#2493=DIRECTION('',(1.,0.,0.));
#2494=DIRECTION('',(0.,1.,0.));
#2495=DIRECTION('',(1.,0.,0.));
#2496=DIRECTION('center_axis',(-1.,0.,0.));
#2497=DIRECTION('ref_axis',(0.,0.,1.));
#2498=DIRECTION('',(0.,0.,1.));
#2499=DIRECTION('',(0.,1.,0.));
#2500=DIRECTION('',(0.,0.,1.));
#2501=DIRECTION('center_axis',(0.,0.,-1.));
#2502=DIRECTION('ref_axis',(-1.,0.,0.));
#2503=DIRECTION('',(-1.,0.,0.));
#2504=DIRECTION('',(-1.,0.,0.));
#2505=DIRECTION('center_axis',(0.,1.,0.));
#2506=DIRECTION('ref_axis',(0.,0.,1.));
#2507=DIRECTION('center_axis',(1.,0.,0.));
#2508=DIRECTION('ref_axis',(0.,0.,-1.));
#2509=DIRECTION('',(0.,0.,-1.));
#2510=DIRECTION('',(0.,1.,0.));
#2511=DIRECTION('',(0.,0.,-1.));
#2512=DIRECTION('',(0.,1.,0.));
#2513=DIRECTION('center_axis',(0.,0.,1.));
#2514=DIRECTION('ref_axis',(1.,0.,0.));
#2515=DIRECTION('',(1.,0.,0.));
#2516=DIRECTION('',(0.,1.,0.));
#2517=DIRECTION('',(1.,0.,0.));
#2518=DIRECTION('center_axis',(-1.,0.,0.));
#2519=DIRECTION('ref_axis',(0.,0.,1.));
#2520=DIRECTION('',(0.,0.,1.));
#2521=DIRECTION('',(0.,1.,0.));
#2522=DIRECTION('',(0.,0.,1.));
#2523=DIRECTION('center_axis',(0.,0.,-1.));
#2524=DIRECTION('ref_axis',(-1.,0.,0.));
#2525=DIRECTION('',(-1.,0.,0.));
#2526=DIRECTION('',(-1.,0.,0.));
#2527=DIRECTION('center_axis',(0.,1.,0.));
#2528=DIRECTION('ref_axis',(0.,0.,1.));
#2529=DIRECTION('center_axis',(1.,0.,0.));
#2530=DIRECTION('ref_axis',(0.,0.,-1.));
#2531=DIRECTION('',(0.,0.,-1.));
#2532=DIRECTION('',(0.,1.,0.));
#2533=DIRECTION('',(0.,0.,-1.));
#2534=DIRECTION('',(0.,1.,0.));
#2535=DIRECTION('center_axis',(0.,0.,1.));
#2536=DIRECTION('ref_axis',(1.,0.,0.));
#2537=DIRECTION('',(1.,0.,0.));
#2538=DIRECTION('',(0.,1.,0.));
#2539=DIRECTION('',(1.,0.,0.));
#2540=DIRECTION('center_axis',(-1.,0.,0.));
#2541=DIRECTION('ref_axis',(0.,0.,1.));
#2542=DIRECTION('',(0.,0.,1.));
#2543=DIRECTION('',(0.,1.,0.));
#2544=DIRECTION('',(0.,0.,1.));
#2545=DIRECTION('center_axis',(0.,0.,-1.));
#2546=DIRECTION('ref_axis',(-1.,0.,0.));
#2547=DIRECTION('',(-1.,0.,0.));
#2548=DIRECTION('',(-1.,0.,0.));
#2549=DIRECTION('center_axis',(0.,1.,0.));
#2550=DIRECTION('ref_axis',(0.,0.,1.));
#2551=DIRECTION('center_axis',(0.,1.,0.));
#2552=DIRECTION('ref_axis',(1.,0.,0.));
#2553=DIRECTION('center_axis',(0.,1.,0.));
#2554=DIRECTION('ref_axis',(1.,0.,0.));
#2555=DIRECTION('',(0.,1.,0.));
#2556=DIRECTION('center_axis',(0.,-1.,0.));
#2557=DIRECTION('ref_axis',(1.,0.,0.));
#2558=DIRECTION('center_axis',(0.,1.,0.));
#2559=DIRECTION('ref_axis',(1.,0.,0.));
#2560=DIRECTION('center_axis',(0.,1.,0.));
#2561=DIRECTION('ref_axis',(1.,0.,0.));
#2562=DIRECTION('',(0.,1.,0.));
#2563=DIRECTION('center_axis',(0.,-1.,0.));
#2564=DIRECTION('ref_axis',(1.,0.,0.));
#2565=DIRECTION('center_axis',(0.,-1.,0.));
#2566=DIRECTION('ref_axis',(1.,0.,0.));
#2567=DIRECTION('center_axis',(0.,-1.,0.));
#2568=DIRECTION('ref_axis',(1.,0.,0.));
#2569=DIRECTION('',(0.,1.,0.));
#2570=DIRECTION('center_axis',(0.,1.,0.));
#2571=DIRECTION('ref_axis',(1.,0.,0.));
#2572=DIRECTION('center_axis',(0.,-1.,0.));
#2573=DIRECTION('ref_axis',(0.,0.,-1.));
#2574=DIRECTION('center_axis',(0.,-1.,0.));
#2575=DIRECTION('ref_axis',(1.,0.,0.));
#2576=DIRECTION('center_axis',(0.,-1.,0.));
#2577=DIRECTION('ref_axis',(1.,0.,0.));
#2578=DIRECTION('',(0.,1.,0.));
#2579=DIRECTION('center_axis',(0.,1.,0.));
#2580=DIRECTION('ref_axis',(1.,0.,0.));
#2581=DIRECTION('center_axis',(0.,-1.,0.));
#2582=DIRECTION('ref_axis',(0.,0.,-1.));
#2583=DIRECTION('center_axis',(0.,-1.,0.));
#2584=DIRECTION('ref_axis',(-0.707106781186548,0.,-0.707106781186548));
#2585=DIRECTION('center_axis',(0.,1.,0.));
#2586=DIRECTION('ref_axis',(-0.707106781186548,0.,-0.707106781186548));
#2587=DIRECTION('',(0.,1.,0.));
#2588=DIRECTION('center_axis',(0.,-1.,0.));
#2589=DIRECTION('ref_axis',(-0.707106781186548,0.,-0.707106781186548));
#2590=DIRECTION('',(0.,-1.,0.));
#2591=DIRECTION('center_axis',(0.,1.,0.));
#2592=DIRECTION('ref_axis',(0.,0.,1.));
#2593=DIRECTION('',(0.,0.,-1.));
#2594=DIRECTION('',(1.,0.,-1.21626623717922E-16));
#2595=DIRECTION('',(1.33210111691057E-16,0.,1.));
#2596=DIRECTION('',(-1.,0.,2.43253247435844E-16));
#2597=DIRECTION('',(-1.05058896831141E-16,0.,-1.));
#2598=DIRECTION('',(-0.707106781186548,0.,-0.707106781186547));
#2599=DIRECTION('',(-1.,0.,0.));
#2600=DIRECTION('',(0.,0.,-1.));
#2601=DIRECTION('',(-1.,0.,0.));
#2602=DIRECTION('',(0.,0.,1.));
#2603=DIRECTION('',(-1.,0.,0.));
#2604=DIRECTION('',(-0.707106781186547,0.,0.707106781186548));
#2605=DIRECTION('',(2.10117793662282E-16,0.,1.));
#2606=DIRECTION('',(0.707106781186547,0.,0.707106781186548));
#2607=DIRECTION('',(1.,0.,-1.44381692519044E-16));
#2608=DIRECTION('',(0.707106781186547,0.,-0.707106781186548));
#2609=DIRECTION('',(1.,0.,2.58732181419923E-16));
#2610=DIRECTION('center_axis',(0.,-1.,0.));
#2611=DIRECTION('ref_axis',(0.707106781186548,0.,0.707106781186548));
#2612=DIRECTION('',(0.,0.,-1.));
#2613=DIRECTION('center_axis',(0.,-1.,0.));
#2614=DIRECTION('ref_axis',(0.707106781186548,0.,-0.707106781186548));
#2615=DIRECTION('',(-1.,0.,0.));
#2616=DIRECTION('center_axis',(0.,1.,0.));
#2617=DIRECTION('ref_axis',(-0.707106781186552,0.,0.707106781186543));
#2618=DIRECTION('',(2.90730861100832E-16,0.,-1.));
#2619=DIRECTION('center_axis',(0.,-1.,0.));
#2620=DIRECTION('ref_axis',(0.707106781186547,0.,-0.707106781186548));
#2621=DIRECTION('',(-1.,0.,-1.96392329788838E-16));
#2622=DIRECTION('center_axis',(0.,-1.,0.));
#2623=DIRECTION('ref_axis',(-0.707106781186547,0.,-0.707106781186548));
#2624=DIRECTION('',(-1.84989574494922E-16,0.,1.));
#2625=DIRECTION('center_axis',(0.,-1.,0.));
#2626=DIRECTION('ref_axis',(-0.707106781186547,0.,0.707106781186547));
#2627=DIRECTION('',(1.,0.,0.));
#2628=DIRECTION('center_axis',(0.,1.,0.));
#2629=DIRECTION('ref_axis',(0.707106781186547,0.,-0.707106781186547));
#2630=DIRECTION('',(-3.3932706762642E-16,0.,1.));
#2631=DIRECTION('center_axis',(0.,-1.,0.));
#2632=DIRECTION('ref_axis',(-0.707106781186547,0.,0.707106781186547));
#2633=DIRECTION('',(1.,0.,1.51309624919527E-16));
#2634=DIRECTION('center_axis',(0.,-1.,0.));
#2635=DIRECTION('ref_axis',(0.707106781186547,0.,0.707106781186548));
#2636=DIRECTION('',(2.90730861100832E-16,0.,-1.));
#2637=DIRECTION('center_axis',(0.,1.,0.));
#2638=DIRECTION('ref_axis',(1.,0.,0.));
#2639=DIRECTION('center_axis',(0.,1.,0.));
#2640=DIRECTION('ref_axis',(1.,0.,0.));
#2641=DIRECTION('center_axis',(0.,1.,0.));
#2642=DIRECTION('ref_axis',(1.,0.,0.));
#2643=DIRECTION('center_axis',(0.,1.,0.));
#2644=DIRECTION('ref_axis',(-0.870939754424186,0.,0.491389808770531));
#2645=DIRECTION('',(0.,0.,-1.));
#2646=DIRECTION('center_axis',(0.,1.,0.));
#2647=DIRECTION('ref_axis',(-0.870939754424186,0.,-0.49138980877053));
#2648=DIRECTION('center_axis',(0.,-1.,0.));
#2649=DIRECTION('ref_axis',(0.0341442233458426,0.,0.999416916012586));
#2650=DIRECTION('',(0.,0.,-1.));
#2651=DIRECTION('center_axis',(0.,-1.,0.));
#2652=DIRECTION('ref_axis',(0.870939754424187,0.,-0.491389808770528));
#2653=DIRECTION('center_axis',(0.,1.,0.));
#2654=DIRECTION('ref_axis',(-0.0341442233458542,0.,0.999416916012586));
#2655=DIRECTION('',(0.,0.,-1.));
#2656=DIRECTION('center_axis',(0.,-1.,0.));
#2657=DIRECTION('ref_axis',(0.707106781186548,0.,-0.707106781186548));
#2658=DIRECTION('',(-1.,0.,0.));
#2659=DIRECTION('center_axis',(0.,-1.,0.));
#2660=DIRECTION('ref_axis',(-0.707106781186548,0.,-0.707106781186548));
#2661=DIRECTION('',(0.,0.,1.));
#2662=DIRECTION('center_axis',(0.,1.,0.));
#2663=DIRECTION('ref_axis',(0.898610952402061,0.,0.438746346107932));
#2664=DIRECTION('center_axis',(0.,-1.,0.));
#2665=DIRECTION('ref_axis',(-0.230006575107751,0.,-0.973189074849899));
#2666=DIRECTION('',(0.,0.,1.));
#2667=DIRECTION('center_axis',(0.,-1.,0.));
#2668=DIRECTION('ref_axis',(-0.898610952402061,0.,0.438746346107932));
#2669=DIRECTION('center_axis',(0.,1.,0.));
#2670=DIRECTION('ref_axis',(0.230006575107751,0.,-0.973189074849899));
#2671=DIRECTION('',(0.,0.,1.));
#2672=DIRECTION('center_axis',(0.,1.,0.));
#2673=DIRECTION('ref_axis',(0.230006575107763,0.,0.973189074849896));
#2674=DIRECTION('center_axis',(0.,-1.,0.));
#2675=DIRECTION('ref_axis',(-0.898610952402063,0.,-0.438746346107928));
#2676=DIRECTION('',(6.99353086378052E-16,0.,1.));
#2677=DIRECTION('center_axis',(0.,-1.,0.));
#2678=DIRECTION('ref_axis',(-0.707106781186548,0.,0.707106781186548));
#2679=DIRECTION('',(1.,0.,-1.74838271594513E-16));
#2680=DIRECTION('center_axis',(0.,-1.,0.));
#2681=DIRECTION('ref_axis',(0.707106781186548,0.,0.707106781186548));
#2682=DIRECTION('',(-6.99353086378052E-16,0.,-1.));
#2683=DIRECTION('center_axis',(0.,-1.,0.));
#2684=DIRECTION('ref_axis',(0.0341442233458484,0.,-0.999416916012586));
#2685=DIRECTION('center_axis',(0.,1.,0.));
#2686=DIRECTION('ref_axis',(1.,0.,0.));
#2687=DIRECTION('center_axis',(0.,1.,0.));
#2688=DIRECTION('ref_axis',(-0.707106781186548,0.,0.707106781186547));
#2689=DIRECTION('',(0.,0.,-1.));
#2690=DIRECTION('center_axis',(0.,-1.,0.));
#2691=DIRECTION('ref_axis',(0.707106781186548,0.,-0.707106781186548));
#2692=DIRECTION('',(-1.,0.,-2.7974123455122E-16));
#2693=DIRECTION('center_axis',(0.,-1.,0.));
#2694=DIRECTION('ref_axis',(-0.707106781186548,0.,-0.707106781186548));
#2695=DIRECTION('',(0.,0.,1.));
#2696=DIRECTION('center_axis',(0.,1.,0.));
#2697=DIRECTION('ref_axis',(0.707106781186548,0.,0.707106781186548));
#2698=DIRECTION('',(-1.,0.,-3.2957261375026E-16));
#2699=DIRECTION('center_axis',(0.,-1.,0.));
#2700=DIRECTION('ref_axis',(-0.707106781186548,0.,-0.707106781186548));
#2701=DIRECTION('',(0.,0.,1.));
#2702=DIRECTION('center_axis',(0.,-1.,0.));
#2703=DIRECTION('ref_axis',(-0.707106781186548,0.,0.707106781186548));
#2704=DIRECTION('',(1.,0.,0.));
#2705=DIRECTION('center_axis',(0.,-1.,0.));
#2706=DIRECTION('ref_axis',(0.707106781186548,0.,0.707106781186548));
#2707=DIRECTION('',(3.2957261375026E-16,0.,-1.));
#2708=DIRECTION('center_axis',(0.,-1.,0.));
#2709=DIRECTION('ref_axis',(0.707106781186548,0.,-0.707106781186547));
#2710=DIRECTION('',(-1.,0.,6.5914522750052E-16));
#2711=DIRECTION('center_axis',(-2.58732181419923E-16,0.,1.));
#2712=DIRECTION('ref_axis',(1.,0.,2.58732181419923E-16));
#2713=DIRECTION('',(-1.,0.,-2.58732181419923E-16));
#2714=DIRECTION('',(0.,1.,0.));
#2715=DIRECTION('center_axis',(0.,1.,0.));
#2716=DIRECTION('ref_axis',(0.707106781186548,0.,0.707106781186548));
#2717=DIRECTION('center_axis',(0.,1.,0.));
#2718=DIRECTION('ref_axis',(0.707106781186548,0.,0.707106781186548));
#2719=DIRECTION('',(0.,-1.,0.));
#2720=DIRECTION('center_axis',(0.,1.,0.));
#2721=DIRECTION('ref_axis',(0.707106781186548,0.,-0.707106781186548));
#2722=DIRECTION('',(0.,1.,0.));
#2723=DIRECTION('center_axis',(0.,1.,0.));
#2724=DIRECTION('ref_axis',(0.707106781186548,0.,-0.707106781186548));
#2725=DIRECTION('',(0.,-1.,0.));
#2726=DIRECTION('center_axis',(1.,0.,0.));
#2727=DIRECTION('ref_axis',(0.,0.,-1.));
#2728=DIRECTION('',(0.,0.,1.));
#2729=DIRECTION('center_axis',(0.,1.,0.));
#2730=DIRECTION('ref_axis',(-0.707106781186552,0.,0.707106781186543));
#2731=DIRECTION('center_axis',(0.,-1.,0.));
#2732=DIRECTION('ref_axis',(-0.707106781186552,0.,0.707106781186543));
#2733=DIRECTION('',(0.,-1.,0.));
#2734=DIRECTION('',(0.,1.,0.));
#2735=DIRECTION('center_axis',(0.,0.,-1.));
#2736=DIRECTION('ref_axis',(-1.,0.,0.));
#2737=DIRECTION('',(1.,0.,0.));
#2738=DIRECTION('center_axis',(0.,-1.,0.));
#2739=DIRECTION('ref_axis',(-0.870939754424186,0.,0.491389808770531));
#2740=DIRECTION('',(0.,1.,0.));
#2741=DIRECTION('center_axis',(0.,-1.,0.));
#2742=DIRECTION('ref_axis',(-0.870939754424186,0.,0.491389808770531));
#2743=DIRECTION('',(0.,-1.,0.));
#2744=DIRECTION('center_axis',(1.,0.,0.));
#2745=DIRECTION('ref_axis',(0.,0.,-1.));
#2746=DIRECTION('',(0.,0.,1.));
#2747=DIRECTION('',(0.,1.,0.));
#2748=DIRECTION('center_axis',(0.,1.,0.));
#2749=DIRECTION('ref_axis',(-0.898610952402061,0.,0.438746346107932));
#2750=DIRECTION('',(0.,1.,0.));
#2751=DIRECTION('center_axis',(0.,1.,0.));
#2752=DIRECTION('ref_axis',(-0.898610952402061,0.,0.438746346107932));
#2753=DIRECTION('',(0.,-1.,0.));
#2754=DIRECTION('center_axis',(-1.,0.,0.));
#2755=DIRECTION('ref_axis',(0.,0.,1.));
#2756=DIRECTION('',(0.,-1.,0.));
#2757=DIRECTION('',(0.,0.,-1.));
#2758=DIRECTION('center_axis',(0.,1.,0.));
#2759=DIRECTION('ref_axis',(-0.870939754424186,0.,-0.49138980877053));
#2760=DIRECTION('center_axis',(0.,-1.,0.));
#2761=DIRECTION('ref_axis',(-0.870939754424186,0.,-0.49138980877053));
#2762=DIRECTION('',(0.,-1.,0.));
#2763=DIRECTION('center_axis',(0.,1.,0.));
#2764=DIRECTION('ref_axis',(0.870939754424187,0.,-0.491389808770528));
#2765=DIRECTION('',(0.,1.,0.));
#2766=DIRECTION('center_axis',(0.,1.,0.));
#2767=DIRECTION('ref_axis',(0.870939754424187,0.,-0.491389808770528));
#2768=DIRECTION('',(0.,-1.,0.));
#2769=DIRECTION('center_axis',(1.,0.,0.));
#2770=DIRECTION('ref_axis',(0.,0.,-1.));
#2771=DIRECTION('',(0.,-1.,0.));
#2772=DIRECTION('',(0.,0.,1.));
#2773=DIRECTION('center_axis',(0.,1.,0.));
#2774=DIRECTION('ref_axis',(0.707106781186548,0.,0.707106781186548));
#2775=DIRECTION('',(0.,1.,0.));
#2776=DIRECTION('center_axis',(0.,1.,0.));
#2777=DIRECTION('ref_axis',(0.707106781186548,0.,0.707106781186548));
#2778=DIRECTION('',(0.,-1.,0.));
#2779=DIRECTION('center_axis',(0.,0.,1.));
#2780=DIRECTION('ref_axis',(1.,0.,0.));
#2781=DIRECTION('',(0.,-1.,0.));
#2782=DIRECTION('',(-1.,0.,0.));
#2783=DIRECTION('center_axis',(0.,1.,0.));
#2784=DIRECTION('ref_axis',(0.707106781186548,0.,-0.707106781186547));
#2785=DIRECTION('',(0.,1.,0.));
#2786=DIRECTION('center_axis',(0.,1.,0.));
#2787=DIRECTION('ref_axis',(0.707106781186548,0.,-0.707106781186547));
#2788=DIRECTION('',(0.,-1.,0.));
#2789=DIRECTION('center_axis',(1.,0.,3.2957261375026E-16));
#2790=DIRECTION('ref_axis',(3.2957261375026E-16,0.,-1.));
#2791=DIRECTION('',(-3.2957261375026E-16,0.,1.));
#2792=DIRECTION('center_axis',(0.,1.,0.));
#2793=DIRECTION('ref_axis',(-0.707106781186548,0.,0.707106781186547));
#2794=DIRECTION('center_axis',(0.,-1.,0.));
#2795=DIRECTION('ref_axis',(-0.707106781186548,0.,0.707106781186547));
#2796=DIRECTION('',(0.,-1.,0.));
#2797=DIRECTION('',(0.,1.,0.));
#2798=DIRECTION('center_axis',(1.,0.,0.));
#2799=DIRECTION('ref_axis',(0.,0.,-1.));
#2800=DIRECTION('',(0.,0.,1.));
#2801=DIRECTION('',(0.,1.,0.));
#2802=DIRECTION('center_axis',(0.,1.,0.));
#2803=DIRECTION('ref_axis',(0.707106781186548,0.,-0.707106781186548));
#2804=DIRECTION('center_axis',(0.,1.,0.));
#2805=DIRECTION('ref_axis',(0.707106781186548,0.,-0.707106781186548));
#2806=DIRECTION('',(0.,-1.,0.));
#2807=DIRECTION('center_axis',(0.,1.,0.));
#2808=DIRECTION('ref_axis',(-0.707106781186548,0.,-0.707106781186548));
#2809=DIRECTION('',(0.,1.,0.));
#2810=DIRECTION('center_axis',(0.,1.,0.));
#2811=DIRECTION('ref_axis',(-0.707106781186548,0.,-0.707106781186548));
#2812=DIRECTION('',(0.,-1.,0.));
#2813=DIRECTION('center_axis',(2.7974123455122E-16,0.,-1.));
#2814=DIRECTION('ref_axis',(-1.,0.,-2.7974123455122E-16));
#2815=DIRECTION('',(1.,0.,2.7974123455122E-16));
#2816=DIRECTION('center_axis',(0.,1.,0.));
#2817=DIRECTION('ref_axis',(0.707106781186548,0.,0.707106781186548));
#2818=DIRECTION('center_axis',(0.,-1.,0.));
#2819=DIRECTION('ref_axis',(0.707106781186548,0.,0.707106781186548));
#2820=DIRECTION('',(0.,-1.,0.));
#2821=DIRECTION('',(0.,1.,0.));
#2822=DIRECTION('center_axis',(3.2957261375026E-16,0.,-1.));
#2823=DIRECTION('ref_axis',(-1.,0.,-3.2957261375026E-16));
#2824=DIRECTION('',(1.,0.,3.2957261375026E-16));
#2825=DIRECTION('',(0.,1.,0.));
#2826=DIRECTION('center_axis',(0.,1.,0.));
#2827=DIRECTION('ref_axis',(-0.707106781186548,0.,-0.707106781186548));
#2828=DIRECTION('center_axis',(0.,1.,0.));
#2829=DIRECTION('ref_axis',(-0.707106781186548,0.,-0.707106781186548));
#2830=DIRECTION('',(0.,-1.,0.));
#2831=DIRECTION('center_axis',(0.,1.,0.));
#2832=DIRECTION('ref_axis',(-0.707106781186548,0.,0.707106781186548));
#2833=DIRECTION('',(0.,1.,0.));
#2834=DIRECTION('center_axis',(0.,1.,0.));
#2835=DIRECTION('ref_axis',(-0.707106781186548,0.,0.707106781186548));
#2836=DIRECTION('center_axis',(-1.,0.,0.));
#2837=DIRECTION('ref_axis',(0.,0.,1.));
#2838=DIRECTION('',(0.,0.,-1.));
#2839=DIRECTION('center_axis',(0.,1.,0.));
#2840=DIRECTION('ref_axis',(-0.707106781186548,0.,0.707106781186548));
#2841=DIRECTION('',(0.,1.,0.));
#2842=DIRECTION('center_axis',(0.,1.,0.));
#2843=DIRECTION('ref_axis',(-0.707106781186548,0.,0.707106781186548));
#2844=DIRECTION('',(0.,-1.,0.));
#2845=DIRECTION('center_axis',(-1.,0.,6.99353086378052E-16));
#2846=DIRECTION('ref_axis',(6.99353086378052E-16,0.,1.));
#2847=DIRECTION('',(0.,-1.,0.));
#2848=DIRECTION('',(-6.99353086378052E-16,0.,-1.));
#2849=DIRECTION('center_axis',(0.,1.,0.));
#2850=DIRECTION('ref_axis',(0.707106781186548,0.,0.707106781186548));
#2851=DIRECTION('',(0.,1.,0.));
#2852=DIRECTION('center_axis',(0.,1.,0.));
#2853=DIRECTION('ref_axis',(0.707106781186548,0.,0.707106781186548));
#2854=DIRECTION('',(0.,-1.,0.));
#2855=DIRECTION('center_axis',(1.74838271594513E-16,0.,1.));
#2856=DIRECTION('ref_axis',(1.,0.,-1.74838271594513E-16));
#2857=DIRECTION('',(-1.,0.,1.74838271594513E-16));
#2858=DIRECTION('center_axis',(0.,1.,0.));
#2859=DIRECTION('ref_axis',(-0.898610952402063,0.,-0.438746346107928));
#2860=DIRECTION('',(0.,1.,0.));
#2861=DIRECTION('center_axis',(0.,1.,0.));
#2862=DIRECTION('ref_axis',(-0.898610952402063,0.,-0.438746346107928));
#2863=DIRECTION('center_axis',(0.,1.,0.));
#2864=DIRECTION('ref_axis',(0.230006575107763,0.,0.973189074849896));
#2865=DIRECTION('',(0.,1.,0.));
#2866=DIRECTION('center_axis',(0.,-1.,0.));
#2867=DIRECTION('ref_axis',(0.230006575107763,0.,0.973189074849896));
#2868=DIRECTION('center_axis',(-1.,0.,0.));
#2869=DIRECTION('ref_axis',(0.,0.,1.));
#2870=DIRECTION('',(0.,-1.,0.));
#2871=DIRECTION('',(0.,0.,-1.));
#2872=DIRECTION('center_axis',(0.,-1.,0.));
#2873=DIRECTION('ref_axis',(0.0341442233458484,0.,-0.999416916012586));
#2874=DIRECTION('',(0.,1.,0.));
#2875=DIRECTION('center_axis',(0.,1.,0.));
#2876=DIRECTION('ref_axis',(0.0341442233458484,0.,-0.999416916012586));
#2877=DIRECTION('center_axis',(0.,-1.,0.));
#2878=DIRECTION('ref_axis',(0.230006575107751,0.,-0.973189074849899));
#2879=DIRECTION('center_axis',(0.,-1.,0.));
#2880=DIRECTION('ref_axis',(0.230006575107751,0.,-0.973189074849899));
#2881=DIRECTION('center_axis',(0.,1.,0.));
#2882=DIRECTION('ref_axis',(0.0341442233458426,0.,0.999416916012586));
#2883=DIRECTION('center_axis',(0.,1.,0.));
#2884=DIRECTION('ref_axis',(0.0341442233458426,0.,0.999416916012586));
#2885=DIRECTION('center_axis',(0.,1.,0.));
#2886=DIRECTION('ref_axis',(-0.707106781186548,0.,-0.707106781186548));
#2887=DIRECTION('',(0.,1.,0.));
#2888=DIRECTION('center_axis',(0.,1.,0.));
#2889=DIRECTION('ref_axis',(-0.707106781186548,0.,-0.707106781186548));
#2890=DIRECTION('',(0.,-1.,0.));
#2891=DIRECTION('center_axis',(0.,0.,-1.));
#2892=DIRECTION('ref_axis',(-1.,0.,0.));
#2893=DIRECTION('',(0.,-1.,0.));
#2894=DIRECTION('',(1.,0.,0.));
#2895=DIRECTION('center_axis',(0.,1.,0.));
#2896=DIRECTION('ref_axis',(0.898610952402061,0.,0.438746346107932));
#2897=DIRECTION('center_axis',(0.,-1.,0.));
#2898=DIRECTION('ref_axis',(0.898610952402061,0.,0.438746346107932));
#2899=DIRECTION('',(0.,-1.,0.));
#2900=DIRECTION('',(0.,1.,0.));
#2901=DIRECTION('center_axis',(0.,1.,0.));
#2902=DIRECTION('ref_axis',(-0.230006575107751,0.,-0.973189074849899));
#2903=DIRECTION('center_axis',(0.,1.,0.));
#2904=DIRECTION('ref_axis',(-0.230006575107751,0.,-0.973189074849899));
#2905=DIRECTION('center_axis',(0.,-1.,0.));
#2906=DIRECTION('ref_axis',(-0.0341442233458542,0.,0.999416916012586));
#2907=DIRECTION('center_axis',(0.,-1.,0.));
#2908=DIRECTION('ref_axis',(-0.0341442233458542,0.,0.999416916012586));
#2909=DIRECTION('',(0.,-1.,0.));
#2910=DIRECTION('center_axis',(1.,0.,0.));
#2911=DIRECTION('ref_axis',(0.,0.,-1.));
#2912=DIRECTION('',(0.,0.,1.));
#2913=DIRECTION('',(0.,1.,0.));
#2914=DIRECTION('center_axis',(0.,1.,0.));
#2915=DIRECTION('ref_axis',(0.707106781186548,0.,-0.707106781186548));
#2916=DIRECTION('center_axis',(0.,1.,0.));
#2917=DIRECTION('ref_axis',(0.707106781186548,0.,-0.707106781186548));
#2918=DIRECTION('center_axis',(0.,1.,0.));
#2919=DIRECTION('ref_axis',(-0.707106781186547,0.,0.707106781186547));
#2920=DIRECTION('',(0.,1.,0.));
#2921=DIRECTION('center_axis',(0.,1.,0.));
#2922=DIRECTION('ref_axis',(-0.707106781186547,0.,0.707106781186547));
#2923=DIRECTION('',(0.,-1.,0.));
#2924=DIRECTION('center_axis',(-1.,0.,-1.84989574494922E-16));
#2925=DIRECTION('ref_axis',(-1.84989574494922E-16,0.,1.));
#2926=DIRECTION('',(0.,-1.,0.));
#2927=DIRECTION('',(1.84989574494922E-16,0.,-1.));
#2928=DIRECTION('center_axis',(0.,1.,0.));
#2929=DIRECTION('ref_axis',(0.707106781186547,0.,-0.707106781186547));
#2930=DIRECTION('center_axis',(0.,-1.,0.));
#2931=DIRECTION('ref_axis',(0.707106781186547,0.,-0.707106781186547));
#2932=DIRECTION('',(0.,-1.,0.));
#2933=DIRECTION('',(0.,1.,0.));
#2934=DIRECTION('center_axis',(-1.,0.,-3.3932706762642E-16));
#2935=DIRECTION('ref_axis',(-3.3932706762642E-16,0.,1.));
#2936=DIRECTION('',(3.3932706762642E-16,0.,-1.));
#2937=DIRECTION('',(0.,1.,0.));
#2938=DIRECTION('center_axis',(0.,1.,0.));
#2939=DIRECTION('ref_axis',(-0.707106781186547,0.,0.707106781186547));
#2940=DIRECTION('center_axis',(0.,1.,0.));
#2941=DIRECTION('ref_axis',(-0.707106781186547,0.,0.707106781186547));
#2942=DIRECTION('',(0.,-1.,0.));
#2943=DIRECTION('center_axis',(0.,1.,0.));
#2944=DIRECTION('ref_axis',(0.707106781186547,0.,0.707106781186548));
#2945=DIRECTION('',(0.,1.,0.));
#2946=DIRECTION('center_axis',(0.,1.,0.));
#2947=DIRECTION('ref_axis',(0.707106781186547,0.,0.707106781186548));
#2948=DIRECTION('',(0.,-1.,0.));
#2949=DIRECTION('center_axis',(-1.51309624919527E-16,0.,1.));
#2950=DIRECTION('ref_axis',(1.,0.,1.51309624919527E-16));
#2951=DIRECTION('',(-1.,0.,-1.51309624919527E-16));
#2952=DIRECTION('center_axis',(0.,1.,0.));
#2953=DIRECTION('ref_axis',(0.707106781186547,0.,-0.707106781186548));
#2954=DIRECTION('',(0.,1.,0.));
#2955=DIRECTION('center_axis',(0.,1.,0.));
#2956=DIRECTION('ref_axis',(0.707106781186547,0.,-0.707106781186548));
#2957=DIRECTION('',(0.,-1.,0.));
#2958=DIRECTION('center_axis',(1.,0.,2.90730861100832E-16));
#2959=DIRECTION('ref_axis',(2.90730861100832E-16,0.,-1.));
#2960=DIRECTION('',(-2.90730861100832E-16,0.,1.));
#2961=DIRECTION('center_axis',(0.,1.,0.));
#2962=DIRECTION('ref_axis',(-0.707106781186547,0.,-0.707106781186548));
#2963=DIRECTION('',(0.,1.,0.));
#2964=DIRECTION('center_axis',(0.,1.,0.));
#2965=DIRECTION('ref_axis',(-0.707106781186547,0.,-0.707106781186548));
#2966=DIRECTION('center_axis',(1.96392329788838E-16,0.,-1.));
#2967=DIRECTION('ref_axis',(-1.,0.,-1.96392329788838E-16));
#2968=DIRECTION('',(1.,0.,1.96392329788838E-16));
#2969=DIRECTION('center_axis',(-1.,0.,0.));
#2970=DIRECTION('ref_axis',(0.,0.,1.));
#2971=DIRECTION('',(0.,0.,-1.));
#2972=DIRECTION('center_axis',(0.,1.,0.));
#2973=DIRECTION('ref_axis',(0.,0.,1.));
#2974=DIRECTION('',(0.,0.,-1.));
#2975=DIRECTION('',(-1.,0.,2.43253247435844E-16));
#2976=DIRECTION('',(1.33210111691057E-16,0.,1.));
#2977=DIRECTION('',(1.,0.,-1.21626623717922E-16));
#2978=DIRECTION('',(-2.90730861100832E-16,0.,1.));
#2979=DIRECTION('',(-1.,0.,0.));
#2980=DIRECTION('',(6.99353086378052E-16,0.,1.));
#2981=DIRECTION('',(1.,0.,-6.5914522750052E-16));
#2982=DIRECTION('',(0.,0.,-1.));
#2983=DIRECTION('',(1.05058896831141E-16,0.,1.));
#2984=DIRECTION('',(-1.,0.,1.44381692519044E-16));
#2985=DIRECTION('',(-2.10117793662282E-16,0.,-1.));
#2986=DIRECTION('',(1.,0.,0.));
#2987=DIRECTION('',(0.,0.,-1.));
#2988=DIRECTION('',(1.,0.,0.));
#2989=DIRECTION('',(0.,0.,1.));
#2990=DIRECTION('',(1.,0.,0.));
#2991=DIRECTION('center_axis',(0.,-1.,0.));
#2992=DIRECTION('ref_axis',(1.,0.,0.));
#2993=DIRECTION('center_axis',(0.,-1.,0.));
#2994=DIRECTION('ref_axis',(1.,0.,0.));
#2995=DIRECTION('center_axis',(0.,-1.,0.));
#2996=DIRECTION('ref_axis',(1.,0.,0.));
#2997=DIRECTION('center_axis',(0.,-1.,0.));
#2998=DIRECTION('ref_axis',(1.,0.,0.));
#2999=DIRECTION('center_axis',(1.,0.,2.90730861100832E-16));
#3000=DIRECTION('ref_axis',(2.90730861100832E-16,0.,-1.));
#3001=DIRECTION('center_axis',(0.707106781186548,0.,-0.707106781186547));
#3002=DIRECTION('ref_axis',(-0.707106781186547,0.,-0.707106781186548));
#3003=DIRECTION('',(0.,-1.,0.));
#3004=DIRECTION('',(-0.707106781186547,0.,-0.707106781186548));
#3005=DIRECTION('',(0.,1.,0.));
#3006=DIRECTION('center_axis',(0.,1.,0.));
#3007=DIRECTION('ref_axis',(0.,0.,1.));
#3008=DIRECTION('',(-1.,0.,1.44381692519044E-16));
#3009=DIRECTION('',(-2.10117793662282E-16,0.,-1.));
#3010=DIRECTION('center_axis',(-0.707106781186548,0.,-0.707106781186547));
#3011=DIRECTION('ref_axis',(-0.707106781186547,0.,0.707106781186548));
#3012=DIRECTION('',(0.,-1.,0.));
#3013=DIRECTION('',(-0.707106781186547,0.,0.707106781186548));
#3014=DIRECTION('',(0.,1.,0.));
#3015=DIRECTION('center_axis',(0.,1.,0.));
#3016=DIRECTION('ref_axis',(0.,0.,1.));
#3017=DIRECTION('',(1.05058896831141E-16,0.,1.));
#3018=DIRECTION('',(-1.,0.,1.44381692519044E-16));
#3019=DIRECTION('center_axis',(0.707106781186548,0.,0.707106781186547));
#3020=DIRECTION('ref_axis',(0.707106781186547,0.,-0.707106781186548));
#3021=DIRECTION('',(0.,-1.,0.));
#3022=DIRECTION('',(0.707106781186547,0.,-0.707106781186548));
#3023=DIRECTION('',(0.,1.,0.));
#3024=DIRECTION('center_axis',(0.,1.,0.));
#3025=DIRECTION('ref_axis',(0.,0.,1.));
#3026=DIRECTION('',(1.,0.,0.));
#3027=DIRECTION('',(-2.10117793662282E-16,0.,-1.));
#3028=DIRECTION('center_axis',(-0.707106781186547,0.,0.707106781186548));
#3029=DIRECTION('ref_axis',(0.707106781186548,0.,0.707106781186547));
#3030=DIRECTION('',(0.,-1.,0.));
#3031=DIRECTION('',(0.707106781186548,0.,0.707106781186547));
#3032=DIRECTION('',(0.,1.,0.));
#3033=DIRECTION('center_axis',(0.,1.,0.));
#3034=DIRECTION('ref_axis',(0.,0.,1.));
#3035=DIRECTION('',(1.05058896831141E-16,0.,1.));
#3036=DIRECTION('',(1.,0.,0.));
#3037=DIRECTION('center_axis',(0.,0.,1.));
#3038=DIRECTION('ref_axis',(-1.,0.,0.));
#3039=DIRECTION('',(0.,-1.,0.));
#3040=DIRECTION('',(0.,-1.,0.));
#3041=DIRECTION('center_axis',(-1.,0.,0.));
#3042=DIRECTION('ref_axis',(0.,0.,-1.));
#3043=DIRECTION('',(0.,1.,0.));
#3044=DIRECTION('center_axis',(1.,0.,0.));
#3045=DIRECTION('ref_axis',(0.,0.,1.));
#3046=DIRECTION('',(0.,-1.,0.));
#3047=DIRECTION('',(0.,-1.,0.));
#3048=DIRECTION('center_axis',(0.,0.,1.));
#3049=DIRECTION('ref_axis',(-1.,0.,0.));
#3050=DIRECTION('',(0.,1.,0.));
#3051=DIRECTION('center_axis',(0.,0.,-1.));
#3052=DIRECTION('ref_axis',(1.,0.,0.));
#3053=DIRECTION('center_axis',(-1.,0.,2.10117793662282E-16));
#3054=DIRECTION('ref_axis',(-2.10117793662282E-16,0.,-1.));
#3055=DIRECTION('',(0.,-1.,0.));
#3056=DIRECTION('center_axis',(-6.5914522750052E-16,0.,-1.));
#3057=DIRECTION('ref_axis',(-1.,0.,6.5914522750052E-16));
#3058=DIRECTION('center_axis',(-1.,0.,0.));
#3059=DIRECTION('ref_axis',(0.,0.,1.));
#3060=DIRECTION('center_axis',(0.,1.,0.));
#3061=DIRECTION('ref_axis',(1.,0.,0.));
#3062=DIRECTION('',(0.,1.,0.));
#3063=DIRECTION('center_axis',(0.,1.,0.));
#3064=DIRECTION('ref_axis',(1.,0.,0.));
#3065=DIRECTION('',(0.,1.,0.));
#3066=DIRECTION('center_axis',(0.,1.,0.));
#3067=DIRECTION('ref_axis',(1.,0.,0.));
#3068=DIRECTION('',(0.,1.,0.));
#3069=DIRECTION('center_axis',(1.,0.,-6.99353086378052E-16));
#3070=DIRECTION('ref_axis',(-6.99353086378052E-16,0.,-1.));
#3071=DIRECTION('center_axis',(0.,1.,0.));
#3072=DIRECTION('ref_axis',(1.,0.,0.));
#3073=DIRECTION('',(0.,1.,0.));
#3074=DIRECTION('center_axis',(0.,0.,1.));
#3075=DIRECTION('ref_axis',(1.,0.,0.));
#3076=DIRECTION('center_axis',(1.44381692519044E-16,0.,1.));
#3077=DIRECTION('ref_axis',(-1.,0.,1.44381692519044E-16));
#3078=DIRECTION('',(0.,-1.,0.));
#3079=DIRECTION('center_axis',(1.,0.,-1.05058896831141E-16));
#3080=DIRECTION('ref_axis',(1.05058896831141E-16,0.,1.));
#3081=DIRECTION('center_axis',(1.21626623717922E-16,0.,1.));
#3082=DIRECTION('ref_axis',(1.,0.,-1.21626623717922E-16));
#3083=DIRECTION('',(0.,1.,0.));
#3084=DIRECTION('',(0.,1.,0.));
#3085=DIRECTION('center_axis',(-1.,0.,1.33210111691057E-16));
#3086=DIRECTION('ref_axis',(1.33210111691057E-16,0.,1.));
#3087=DIRECTION('',(0.,1.,0.));
#3088=DIRECTION('center_axis',(-2.43253247435844E-16,0.,-1.));
#3089=DIRECTION('ref_axis',(-1.,0.,2.43253247435844E-16));
#3090=DIRECTION('',(0.,1.,0.));
#3091=DIRECTION('center_axis',(1.,0.,0.));
#3092=DIRECTION('ref_axis',(0.,0.,-1.));
#3093=CARTESIAN_POINT('',(0.,0.,0.));
#3094=CARTESIAN_POINT('Origin',(-0.528585898167413,0.,0.622294517331039));
#3095=CARTESIAN_POINT('',(-0.528585898167413,0.,0.622294517331039));
#3096=CARTESIAN_POINT('',(-0.528585898167413,0.,0.443629198221816));
#3097=CARTESIAN_POINT('',(-0.528585898167413,0.,0.311147258665519));
#3098=CARTESIAN_POINT('',(-0.528585898167413,0.0708661417322835,0.622294517331039));
#3099=CARTESIAN_POINT('',(-0.528585898167413,0.,0.622294517331039));
#3100=CARTESIAN_POINT('',(-0.528585898167413,0.0708661417322835,0.443629198221816));
#3101=CARTESIAN_POINT('',(-0.528585898167413,0.0708661417322835,0.443629198221816));
#3102=CARTESIAN_POINT('',(-0.528585898167413,0.,0.443629198221816));
#3103=CARTESIAN_POINT('Origin',(-1.03877465446502,0.,0.622294517331039));
#3104=CARTESIAN_POINT('',(-1.03877465446502,0.,0.622294517331039));
#3105=CARTESIAN_POINT('',(-0.519387327232509,0.,0.622294517331039));
#3106=CARTESIAN_POINT('',(-1.03877465446502,0.0708661417322835,0.622294517331039));
#3107=CARTESIAN_POINT('',(-1.03877465446502,0.,0.622294517331039));
#3108=CARTESIAN_POINT('',(-0.528585898167413,0.0708661417322835,0.622294517331039));
#3109=CARTESIAN_POINT('Origin',(-1.03877465446502,0.,0.443629198221816));
#3110=CARTESIAN_POINT('',(-1.03877465446502,0.,0.443629198221816));
#3111=CARTESIAN_POINT('',(-1.03877465446502,0.,0.221814599110908));
#3112=CARTESIAN_POINT('',(-1.03877465446502,0.0708661417322835,0.443629198221816));
#3113=CARTESIAN_POINT('',(-1.03877465446502,0.,0.443629198221816));
#3114=CARTESIAN_POINT('',(-1.03877465446502,0.0708661417322835,0.622294517331039));
#3115=CARTESIAN_POINT('Origin',(-0.528585898167413,0.,0.443629198221816));
#3116=CARTESIAN_POINT('',(-0.264292949083707,0.,0.443629198221816));
#3117=CARTESIAN_POINT('',(-1.03877465446502,0.0708661417322835,0.443629198221816));
#3118=CARTESIAN_POINT('Origin',(-0.783680276316216,0.0708661417322835,0.532961857776427));
#3119=CARTESIAN_POINT('Origin',(0.24364533218188,0.,1.02726924064528));
#3120=CARTESIAN_POINT('',(0.24364533218188,0.,1.02726924064528));
#3121=CARTESIAN_POINT('',(0.24364533218188,0.,0.777137793892365));
#3122=CARTESIAN_POINT('',(0.24364533218188,0.,0.513634620322638));
#3123=CARTESIAN_POINT('',(0.24364533218188,0.0708661417322835,1.02726924064528));
#3124=CARTESIAN_POINT('',(0.24364533218188,0.,1.02726924064528));
#3125=CARTESIAN_POINT('',(0.24364533218188,0.0708661417322835,0.777137793892365));
#3126=CARTESIAN_POINT('',(0.24364533218188,0.0708661417322835,0.777137793892365));
#3127=CARTESIAN_POINT('',(0.24364533218188,0.,0.777137793892365));
#3128=CARTESIAN_POINT('Origin',(-0.187136613797032,0.,1.02726924064528));
#3129=CARTESIAN_POINT('',(-0.187136613797032,0.,1.02726924064528));
#3130=CARTESIAN_POINT('',(-0.0935683068985157,0.,1.02726924064528));
#3131=CARTESIAN_POINT('',(-0.187136613797032,0.0708661417322835,1.02726924064528));
#3132=CARTESIAN_POINT('',(-0.187136613797032,0.,1.02726924064528));
#3133=CARTESIAN_POINT('',(0.24364533218188,0.0708661417322835,1.02726924064528));
#3134=CARTESIAN_POINT('Origin',(-0.187136613797032,0.,0.777137793892365));
#3135=CARTESIAN_POINT('',(-0.187136613797032,0.,0.777137793892365));
#3136=CARTESIAN_POINT('',(-0.187136613797032,0.,0.388568896946182));
#3137=CARTESIAN_POINT('',(-0.187136613797032,0.0708661417322835,0.777137793892365));
#3138=CARTESIAN_POINT('',(-0.187136613797032,0.,0.777137793892365));
#3139=CARTESIAN_POINT('',(-0.187136613797032,0.0708661417322835,1.02726924064528));
#3140=CARTESIAN_POINT('Origin',(0.24364533218188,0.,0.777137793892365));
#3141=CARTESIAN_POINT('',(0.12182266609094,0.,0.777137793892365));
#3142=CARTESIAN_POINT('',(-0.187136613797032,0.0708661417322835,0.777137793892365));
#3143=CARTESIAN_POINT('Origin',(0.0282543591924243,0.0708661417322835,0.902203517268821));
#3144=CARTESIAN_POINT('Origin',(-0.629829581323747,0.,1.00741753852203));
#3145=CARTESIAN_POINT('',(-0.629829581323747,0.,1.00741753852203));
#3146=CARTESIAN_POINT('',(-0.629829581323747,0.,0.673908942851481));
#3147=CARTESIAN_POINT('',(-0.629829581323747,0.,0.503708769261015));
#3148=CARTESIAN_POINT('',(-0.629829581323747,0.0708661417322835,1.00741753852203));
#3149=CARTESIAN_POINT('',(-0.629829581323747,0.,1.00741753852203));
#3150=CARTESIAN_POINT('',(-0.629829581323747,0.0708661417322835,0.673908942851481));
#3151=CARTESIAN_POINT('',(-0.629829581323747,0.0708661417322835,0.673908942851481));
#3152=CARTESIAN_POINT('',(-0.629829581323747,0.,0.673908942851481));
#3153=CARTESIAN_POINT('Origin',(-0.868050012279828,0.,1.00741753852203));
#3154=CARTESIAN_POINT('',(-0.868050012279828,0.,1.00741753852203));
#3155=CARTESIAN_POINT('',(-0.434025006139914,0.,1.00741753852203));
#3156=CARTESIAN_POINT('',(-0.868050012279828,0.0708661417322835,1.00741753852203));
#3157=CARTESIAN_POINT('',(-0.868050012279828,0.,1.00741753852203));
#3158=CARTESIAN_POINT('',(-0.629829581323747,0.0708661417322835,1.00741753852203));
#3159=CARTESIAN_POINT('Origin',(-0.868050012279828,0.,0.673908942851481));
#3160=CARTESIAN_POINT('',(-0.868050012279828,0.,0.673908942851481));
#3161=CARTESIAN_POINT('',(-0.868050012279828,0.,0.33695447142574));
#3162=CARTESIAN_POINT('',(-0.868050012279828,0.0708661417322835,0.673908942851481));
#3163=CARTESIAN_POINT('',(-0.868050012279828,0.,0.673908942851481));
#3164=CARTESIAN_POINT('',(-0.868050012279828,0.0708661417322835,1.00741753852203));
#3165=CARTESIAN_POINT('Origin',(-0.629829581323747,0.,0.673908942851481));
#3166=CARTESIAN_POINT('',(-0.314914790661874,0.,0.673908942851481));
#3167=CARTESIAN_POINT('',(-0.868050012279828,0.0708661417322835,0.673908942851481));
#3168=CARTESIAN_POINT('Origin',(-0.748939796801788,0.0708661417322835,0.840663240686755));
#3169=CARTESIAN_POINT('Origin',(0.811404025960539,0.,1.15829047465871));
#3170=CARTESIAN_POINT('',(0.811404025960539,0.,1.15829047465871));
#3171=CARTESIAN_POINT('',(0.811404025960539,0.,0.856544602385353));
#3172=CARTESIAN_POINT('',(0.811404025960539,0.,0.579145237329353));
#3173=CARTESIAN_POINT('',(0.811404025960539,0.0708661417322835,1.15829047465871));
#3174=CARTESIAN_POINT('',(0.811404025960539,0.,1.15829047465871));
#3175=CARTESIAN_POINT('',(0.811404025960539,0.0708661417322835,0.856544602385353));
#3176=CARTESIAN_POINT('',(0.811404025960539,0.0708661417322835,0.856544602385353));
#3177=CARTESIAN_POINT('',(0.811404025960539,0.,0.856544602385353));
#3178=CARTESIAN_POINT('Origin',(0.575168765262425,0.,1.15829047465871));
#3179=CARTESIAN_POINT('',(0.575168765262425,0.,1.15829047465871));
#3180=CARTESIAN_POINT('',(0.287584382631213,0.,1.15829047465871));
#3181=CARTESIAN_POINT('',(0.575168765262425,0.0708661417322835,1.15829047465871));
#3182=CARTESIAN_POINT('',(0.575168765262425,0.,1.15829047465871));
#3183=CARTESIAN_POINT('',(0.811404025960539,0.0708661417322835,1.15829047465871));
#3184=CARTESIAN_POINT('Origin',(0.575168765262425,0.,0.856544602385353));
#3185=CARTESIAN_POINT('',(0.575168765262425,0.,0.856544602385353));
#3186=CARTESIAN_POINT('',(0.575168765262425,0.,0.428272301192676));
#3187=CARTESIAN_POINT('',(0.575168765262425,0.0708661417322835,0.856544602385353));
#3188=CARTESIAN_POINT('',(0.575168765262425,0.,0.856544602385353));
#3189=CARTESIAN_POINT('',(0.575168765262425,0.0708661417322835,1.15829047465871));
#3190=CARTESIAN_POINT('Origin',(0.811404025960539,0.,0.856544602385353));
#3191=CARTESIAN_POINT('',(0.405702012980269,0.,0.856544602385353));
#3192=CARTESIAN_POINT('',(0.575168765262425,0.0708661417322835,0.856544602385353));
#3193=CARTESIAN_POINT('Origin',(0.693286395611482,0.0708661417322835,1.00741753852203));
#3194=CARTESIAN_POINT('Origin',(-2.21803590551181,-0.0590551181102362,-0.953233267716535));
#3195=CARTESIAN_POINT('',(-2.27118551181102,-0.0590551181102362,-0.953233267716535));
#3196=CARTESIAN_POINT('Origin',(-2.21803590551181,-0.0590551181102362,-0.953233267716535));
#3197=CARTESIAN_POINT('',(-2.27118551181102,0.078740157480315,-0.953233267716535));
#3198=CARTESIAN_POINT('',(-2.27118551181102,-0.0590551181102362,-0.953233267716535));
#3199=CARTESIAN_POINT('Origin',(-2.21803590551181,0.078740157480315,-0.953233267716535));
#3200=CARTESIAN_POINT('Origin',(1.07802708661418,-0.0590551181102362,0.913695866141732));
#3201=CARTESIAN_POINT('',(1.02487748031496,-0.0590551181102362,0.913695866141732));
#3202=CARTESIAN_POINT('Origin',(1.07802708661418,-0.0590551181102362,0.913695866141732));
#3203=CARTESIAN_POINT('',(1.02487748031496,0.078740157480315,0.913695866141732));
#3204=CARTESIAN_POINT('',(1.02487748031496,-0.0590551181102362,0.913695866141732));
#3205=CARTESIAN_POINT('Origin',(1.07802708661418,0.078740157480315,0.913695866141732));
#3206=CARTESIAN_POINT('Origin',(-2.21803590551181,0.,-0.953233267716535));
#3207=CARTESIAN_POINT('',(-2.33614614173228,-0.0590551181102362,-0.953233267716535));
#3208=CARTESIAN_POINT('Origin',(-2.21803590551181,-0.0590551181102362,-0.953233267716535));
#3209=CARTESIAN_POINT('',(-2.33614614173228,0.,-0.953233267716535));
#3210=CARTESIAN_POINT('',(-2.33614614173228,0.,-0.953233267716535));
#3211=CARTESIAN_POINT('Origin',(-2.21803590551181,0.,-0.953233267716535));
#3212=CARTESIAN_POINT('Origin',(-2.21803590551181,-0.0590551181102362,-0.953233267716535));
#3213=CARTESIAN_POINT('Origin',(1.07802708661418,0.,0.913695866141732));
#3214=CARTESIAN_POINT('',(0.959916850393704,-0.0590551181102362,0.913695866141732));
#3215=CARTESIAN_POINT('Origin',(1.07802708661418,-0.0590551181102362,0.913695866141732));
#3216=CARTESIAN_POINT('',(0.959916850393704,0.,0.913695866141732));
#3217=CARTESIAN_POINT('',(0.959916850393704,0.,0.913695866141732));
#3218=CARTESIAN_POINT('Origin',(1.07802708661418,0.,0.913695866141732));
#3219=CARTESIAN_POINT('Origin',(1.07802708661418,-0.0590551181102362,0.913695866141732));
#3220=CARTESIAN_POINT('Origin',(2.534625,0.,0.539602870226834));
#3221=CARTESIAN_POINT('',(2.534625,0.,0.479602870226834));
#3222=CARTESIAN_POINT('',(2.474625,0.,0.539602870226834));
#3223=CARTESIAN_POINT('Origin',(2.534625,0.,0.539602870226834));
#3224=CARTESIAN_POINT('',(2.474625,0.078740157480315,0.539602870226834));
#3225=CARTESIAN_POINT('',(2.474625,0.,0.539602870226834));
#3226=CARTESIAN_POINT('',(2.534625,0.078740157480315,0.479602870226834));
#3227=CARTESIAN_POINT('Origin',(2.534625,0.078740157480315,0.539602870226834));
#3228=CARTESIAN_POINT('',(2.534625,0.,0.479602870226834));
#3229=CARTESIAN_POINT('Origin',(1.74838271594513E-16,0.,-1.74838271594513E-16));
#3230=CARTESIAN_POINT('',(2.875,0.,1.3125));
#3231=CARTESIAN_POINT('',(2.875,0.,-1.3125));
#3232=CARTESIAN_POINT('',(2.875,0.,1.3125));
#3233=CARTESIAN_POINT('',(-2.875,0.,1.3125));
#3234=CARTESIAN_POINT('',(-2.875,0.,1.3125));
#3235=CARTESIAN_POINT('',(-2.875,0.,-1.3125));
#3236=CARTESIAN_POINT('',(-2.875,0.,-1.3125));
#3237=CARTESIAN_POINT('',(2.875,0.,-1.3125));
#3238=CARTESIAN_POINT('',(0.429694881889733,0.,0.0385777559054823));
#3239=CARTESIAN_POINT('',(0.429694881889733,0.,-0.703115157480301));
#3240=CARTESIAN_POINT('',(0.429694881889733,0.,-0.62530757874015));
#3241=CARTESIAN_POINT('',(0.0546948818897333,0.,-1.0781151574803));
#3242=CARTESIAN_POINT('',(0.429694881889733,0.,-0.703115157480301));
#3243=CARTESIAN_POINT('',(-0.445305118110267,0.,-1.0781151574803));
#3244=CARTESIAN_POINT('',(-0.175777559055131,0.,-1.0781151574803));
#3245=CARTESIAN_POINT('',(-0.445305118110267,0.,-1.2506151574803));
#3246=CARTESIAN_POINT('',(-0.445305118110267,0.,-1.1212401574803));
#3247=CARTESIAN_POINT('',(-1.11719488188972,0.,-1.2506151574803));
#3248=CARTESIAN_POINT('',(-0.996097440944861,0.,-1.2506151574803));
#3249=CARTESIAN_POINT('',(-1.11719488188972,0.,-1.0781151574803));
#3250=CARTESIAN_POINT('',(-1.11719488188972,0.,-1.2074901574803));
#3251=CARTESIAN_POINT('',(-1.61719488188972,0.,-1.0781151574803));
#3252=CARTESIAN_POINT('',(-0.949222440944859,0.,-1.0781151574803));
#3253=CARTESIAN_POINT('',(-1.99219488188972,0.,-0.7031151574803));
#3254=CARTESIAN_POINT('',(-1.61719488188972,0.,-1.0781151574803));
#3255=CARTESIAN_POINT('',(-1.99219488188972,0.,0.0385777559054826));
#3256=CARTESIAN_POINT('',(-1.99219488188972,0.,0.206788877952741));
#3257=CARTESIAN_POINT('',(-1.61719488188972,0.,0.413577755905483));
#3258=CARTESIAN_POINT('',(-1.99219488188972,0.,0.0385777559054826));
#3259=CARTESIAN_POINT('',(0.0546948818897335,0.,0.413577755905482));
#3260=CARTESIAN_POINT('',(0.214847440944867,0.,0.413577755905482));
#3261=CARTESIAN_POINT('',(0.0546948818897335,0.,0.413577755905482));
#3262=CARTESIAN_POINT('',(2.7525,0.,0.479602870226834));
#3263=CARTESIAN_POINT('',(1.2373125,0.,0.479602870226833));
#3264=CARTESIAN_POINT('',(2.8125,0.,0.419602870226834));
#3265=CARTESIAN_POINT('Origin',(2.7525,0.,0.419602870226834));
#3266=CARTESIAN_POINT('',(2.8125,0.,-0.419602870792637));
#3267=CARTESIAN_POINT('',(2.8125,0.,0.239801435113417));
#3268=CARTESIAN_POINT('',(2.7525,0.,-0.479602870792637));
#3269=CARTESIAN_POINT('Origin',(2.7525,0.,-0.419602870792637));
#3270=CARTESIAN_POINT('',(2.534625,0.,-0.479602870792637));
#3271=CARTESIAN_POINT('',(1.40625,0.,-0.479602870792637));
#3272=CARTESIAN_POINT('',(2.474625,0.,-0.539602870792637));
#3273=CARTESIAN_POINT('Origin',(2.534625,0.,-0.539602870792637));
#3274=CARTESIAN_POINT('',(2.474625,0.,-1.024625));
#3275=CARTESIAN_POINT('',(2.474625,0.,0.5904375));
#3276=CARTESIAN_POINT('',(2.274625,0.,-1.224625));
#3277=CARTESIAN_POINT('Origin',(2.274625,0.,-1.024625));
#3278=CARTESIAN_POINT('',(0.894125000000001,0.,-1.224625));
#3279=CARTESIAN_POINT('',(1.2373125,0.,-1.224625));
#3280=CARTESIAN_POINT('',(0.694125000000001,0.,-1.024625));
#3281=CARTESIAN_POINT('Origin',(0.894125000000001,0.,-1.024625));
#3282=CARTESIAN_POINT('',(0.694125,0.,0.465625));
#3283=CARTESIAN_POINT('',(0.694125000000001,0.,-0.6123125));
#3284=CARTESIAN_POINT('',(0.894125,0.,0.665625));
#3285=CARTESIAN_POINT('Origin',(0.894125,0.,0.465625));
#3286=CARTESIAN_POINT('',(1.119125,0.,0.665625));
#3287=CARTESIAN_POINT('',(0.3470625,0.,0.665625));
#3288=CARTESIAN_POINT('',(1.319125,0.,0.865625));
#3289=CARTESIAN_POINT('Origin',(1.119125,0.,0.865625));
#3290=CARTESIAN_POINT('',(1.319125,0.,0.980874999999999));
#3291=CARTESIAN_POINT('',(1.319125,0.,0.3328125));
#3292=CARTESIAN_POINT('',(1.519125,0.,1.180875));
#3293=CARTESIAN_POINT('Origin',(1.519125,0.,0.980874999999999));
#3294=CARTESIAN_POINT('',(2.274625,0.,1.180875));
#3295=CARTESIAN_POINT('',(0.6595625,0.,1.180875));
#3296=CARTESIAN_POINT('',(2.474625,0.,0.980875));
#3297=CARTESIAN_POINT('Origin',(2.274625,0.,0.980875));
#3298=CARTESIAN_POINT('',(2.474625,0.,0.5904375));
#3299=CARTESIAN_POINT('',(2.606875,0.,1.119375));
#3300=CARTESIAN_POINT('Origin',(2.681875,0.,1.119375));
#3301=CARTESIAN_POINT('',(-2.756875,0.,1.119375));
#3302=CARTESIAN_POINT('Origin',(-2.681875,0.,1.119375));
#3303=CARTESIAN_POINT('',(2.606875,0.,-1.119375));
#3304=CARTESIAN_POINT('Origin',(2.681875,0.,-1.119375));
#3305=CARTESIAN_POINT('',(-2.35482634659925,0.,0.174126994310239));
#3306=CARTESIAN_POINT('',(-2.32585067329962,0.,0.225483504635498));
#3307=CARTESIAN_POINT('Origin',(-2.29482634659925,0.,0.174126994310239));
#3308=CARTESIAN_POINT('',(-2.35482634659925,0.,0.00962300568976197));
#3309=CARTESIAN_POINT('',(-2.35482634659925,0.,0.1084375));
#3310=CARTESIAN_POINT('',(-2.32585067329962,0.,-0.0417335046354965));
#3311=CARTESIAN_POINT('Origin',(-2.29482634659925,0.,0.00962300568976198));
#3312=CARTESIAN_POINT('',(-2.296875,0.,-0.0930900149607548));
#3313=CARTESIAN_POINT('Origin',(-2.356875,0.,-0.0930900149607548));
#3314=CARTESIAN_POINT('',(-2.296875,0.,-0.490376994310239));
#3315=CARTESIAN_POINT('',(-2.296875,0.,-0.0165624999999999));
#3316=CARTESIAN_POINT('',(-2.32585067329962,0.,-0.541733504635497));
#3317=CARTESIAN_POINT('Origin',(-2.356875,0.,-0.490376994310239));
#3318=CARTESIAN_POINT('',(-2.35482634659925,0.,-0.593090014960755));
#3319=CARTESIAN_POINT('Origin',(-2.29482634659925,0.,-0.593090014960755));
#3320=CARTESIAN_POINT('',(-2.35482634659925,0.,-0.726103092829177));
#3321=CARTESIAN_POINT('',(-2.35482634659925,0.,-0.2665625));
#3322=CARTESIAN_POINT('',(-2.41482634659925,0.,-0.786103092829177));
#3323=CARTESIAN_POINT('Origin',(-2.41482634659925,0.,-0.726103092829177));
#3324=CARTESIAN_POINT('',(-2.69067539450646,0.,-0.786103092829177));
#3325=CARTESIAN_POINT('',(-1.17741317329962,0.,-0.786103092829177));
#3326=CARTESIAN_POINT('',(-2.75067539450646,0.,-0.726103092829177));
#3327=CARTESIAN_POINT('Origin',(-2.69067539450646,0.,-0.726103092829177));
#3328=CARTESIAN_POINT('',(-2.75067539450646,0.,-0.569356600774359));
#3329=CARTESIAN_POINT('',(-2.75067539450646,0.,-0.393051546414589));
#3330=CARTESIAN_POINT('',(-2.77377519725323,0.,-0.522045128141683));
#3331=CARTESIAN_POINT('Origin',(-2.81067539450646,0.,-0.569356600774359));
#3332=CARTESIAN_POINT('',(-2.796875,0.,-0.474733655509006));
#3333=CARTESIAN_POINT('Origin',(-2.736875,0.,-0.474733655509006));
#3334=CARTESIAN_POINT('',(-2.796875,0.,-0.0693566007743593));
#3335=CARTESIAN_POINT('',(-2.796875,0.,-0.2665625));
#3336=CARTESIAN_POINT('',(-2.77377519725323,0.,-0.0220451281416825));
#3337=CARTESIAN_POINT('Origin',(-2.736875,0.,-0.0693566007743593));
#3338=CARTESIAN_POINT('',(-2.75067539450646,0.,0.0252663444909943));
#3339=CARTESIAN_POINT('Origin',(-2.81067539450646,0.,0.0252663444909943));
#3340=CARTESIAN_POINT('',(-2.75067539450646,0.,0.158483655509007));
#3341=CARTESIAN_POINT('',(-2.75067539450646,0.,-0.0165624999999999));
#3342=CARTESIAN_POINT('',(-2.77377519725323,0.,0.205795128141684));
#3343=CARTESIAN_POINT('Origin',(-2.81067539450646,0.,0.158483655509007));
#3344=CARTESIAN_POINT('',(-2.796875,0.,0.25310660077436));
#3345=CARTESIAN_POINT('Origin',(-2.736875,0.,0.25310660077436));
#3346=CARTESIAN_POINT('',(-2.796875,0.,0.656875000000001));
#3347=CARTESIAN_POINT('',(-2.796875,0.,0.108437500000001));
#3348=CARTESIAN_POINT('',(-2.736875,0.,0.716875000000001));
#3349=CARTESIAN_POINT('Origin',(-2.736875,0.,0.656875000000001));
#3350=CARTESIAN_POINT('',(-2.356875,0.,0.716875000000001));
#3351=CARTESIAN_POINT('',(-1.3984375,0.,0.716875));
#3352=CARTESIAN_POINT('',(-2.296875,0.,0.656875000000001));
#3353=CARTESIAN_POINT('Origin',(-2.356875,0.,0.656875000000001));
#3354=CARTESIAN_POINT('',(-2.296875,0.,0.276840014960756));
#3355=CARTESIAN_POINT('',(-2.296875,0.,0.358437500000001));
#3356=CARTESIAN_POINT('Origin',(-2.356875,0.,0.276840014960756));
#3357=CARTESIAN_POINT('',(-2.756875,0.,-1.119375));
#3358=CARTESIAN_POINT('Origin',(-2.681875,0.,-1.119375));
#3359=CARTESIAN_POINT('',(-1.234375,0.,0.596625000000001));
#3360=CARTESIAN_POINT('',(-1.174375,0.,0.656625000000001));
#3361=CARTESIAN_POINT('Origin',(-1.174375,0.,0.596625000000001));
#3362=CARTESIAN_POINT('',(-1.234375,0.,0.51294783464564));
#3363=CARTESIAN_POINT('',(-1.234375,0.,0.3283125));
#3364=CARTESIAN_POINT('',(-1.294375,0.,0.45294783464564));
#3365=CARTESIAN_POINT('Origin',(-1.294375,0.,0.51294783464564));
#3366=CARTESIAN_POINT('',(-1.799375,0.,0.45294783464564));
#3367=CARTESIAN_POINT('',(-0.617187499999999,0.,0.45294783464564));
#3368=CARTESIAN_POINT('',(-1.859375,0.,0.51294783464564));
#3369=CARTESIAN_POINT('Origin',(-1.799375,0.,0.51294783464564));
#3370=CARTESIAN_POINT('',(-1.859375,0.,0.596625000000001));
#3371=CARTESIAN_POINT('',(-1.859375,0.,0.22647391732282));
#3372=CARTESIAN_POINT('',(-1.919375,0.,0.656625000000001));
#3373=CARTESIAN_POINT('Origin',(-1.919375,0.,0.596625000000001));
#3374=CARTESIAN_POINT('',(-2.064625,0.,0.656625000000001));
#3375=CARTESIAN_POINT('',(-0.9296875,0.,0.656625000000001));
#3376=CARTESIAN_POINT('',(-2.124625,0.,0.716625000000001));
#3377=CARTESIAN_POINT('Origin',(-2.064625,0.,0.716625000000001));
#3378=CARTESIAN_POINT('',(-2.124625,0.,1.127125));
#3379=CARTESIAN_POINT('',(-2.124625,0.,0.3283125));
#3380=CARTESIAN_POINT('',(-2.064625,0.,1.187125));
#3381=CARTESIAN_POINT('Origin',(-2.064625,0.,1.127125));
#3382=CARTESIAN_POINT('',(-1.029125,0.,1.187125));
#3383=CARTESIAN_POINT('',(-1.0623125,0.,1.187125));
#3384=CARTESIAN_POINT('',(-0.969124999999999,0.,1.127125));
#3385=CARTESIAN_POINT('Origin',(-1.029125,0.,1.127125));
#3386=CARTESIAN_POINT('',(-0.969124999999999,0.,0.716625000000001));
#3387=CARTESIAN_POINT('',(-0.969124999999999,0.,0.5935625));
#3388=CARTESIAN_POINT('',(-1.029125,0.,0.656625000000001));
#3389=CARTESIAN_POINT('Origin',(-1.029125,0.,0.716625000000001));
#3390=CARTESIAN_POINT('',(-0.484562499999999,0.,0.656625));
#3391=CARTESIAN_POINT('Origin',(2.474625,0.,0.479602870226834));
#3392=CARTESIAN_POINT('',(2.7525,0.078740157480315,0.479602870226834));
#3393=CARTESIAN_POINT('',(1.2373125,0.078740157480315,0.479602870226833));
#3394=CARTESIAN_POINT('',(2.7525,0.,0.479602870226834));
#3395=CARTESIAN_POINT('Origin',(2.7525,0.,0.419602870226834));
#3396=CARTESIAN_POINT('',(2.8125,0.078740157480315,0.419602870226834));
#3397=CARTESIAN_POINT('Origin',(2.7525,0.078740157480315,0.419602870226834));
#3398=CARTESIAN_POINT('',(2.8125,0.,0.419602870226834));
#3399=CARTESIAN_POINT('Origin',(2.7525,0.,-0.419602870792637));
#3400=CARTESIAN_POINT('',(2.8125,0.078740157480315,-0.419602870792637));
#3401=CARTESIAN_POINT('',(2.8125,0.,-0.419602870792637));
#3402=CARTESIAN_POINT('',(2.7525,0.078740157480315,-0.479602870792637));
#3403=CARTESIAN_POINT('Origin',(2.7525,0.078740157480315,-0.419602870792637));
#3404=CARTESIAN_POINT('',(2.7525,0.,-0.479602870792637));
#3405=CARTESIAN_POINT('Origin',(2.8125,0.,0.479602870226834));
#3406=CARTESIAN_POINT('',(2.8125,0.078740157480315,0.239801435113417));
#3407=CARTESIAN_POINT('Origin',(2.534625,0.,-0.539602870792637));
#3408=CARTESIAN_POINT('',(2.534625,0.078740157480315,-0.479602870792637));
#3409=CARTESIAN_POINT('',(2.474625,0.078740157480315,-0.539602870792637));
#3410=CARTESIAN_POINT('Origin',(2.534625,0.078740157480315,-0.539602870792637));
#3411=CARTESIAN_POINT('',(2.474625,0.,-0.539602870792637));
#3412=CARTESIAN_POINT('',(2.534625,0.,-0.479602870792637));
#3413=CARTESIAN_POINT('Origin',(2.8125,0.,-0.479602870792637));
#3414=CARTESIAN_POINT('',(1.40625,0.078740157480315,-0.479602870792637));
#3415=CARTESIAN_POINT('Origin',(-2.29482634659925,0.,0.174126994310239));
#3416=CARTESIAN_POINT('',(-2.32585067329962,0.078740157480315,0.225483504635498));
#3417=CARTESIAN_POINT('',(-2.32585067329962,0.,0.225483504635498));
#3418=CARTESIAN_POINT('',(-2.35482634659925,0.078740157480315,0.174126994310239));
#3419=CARTESIAN_POINT('Origin',(-2.29482634659925,0.078740157480315,0.174126994310239));
#3420=CARTESIAN_POINT('',(-2.35482634659925,0.,0.174126994310239));
#3421=CARTESIAN_POINT('Origin',(-2.35482634659925,0.,0.216875000000001));
#3422=CARTESIAN_POINT('',(-2.35482634659925,0.078740157480315,0.00962300568976197));
#3423=CARTESIAN_POINT('',(-2.35482634659925,0.078740157480315,0.1084375));
#3424=CARTESIAN_POINT('',(-2.35482634659925,0.,0.00962300568976198));
#3425=CARTESIAN_POINT('Origin',(-2.736875,0.,-0.0693566007743593));
#3426=CARTESIAN_POINT('',(-2.796875,0.078740157480315,-0.0693566007743593));
#3427=CARTESIAN_POINT('',(-2.796875,0.,-0.0693566007743593));
#3428=CARTESIAN_POINT('',(-2.77377519725323,0.078740157480315,-0.0220451281416825));
#3429=CARTESIAN_POINT('Origin',(-2.736875,0.078740157480315,-0.0693566007743593));
#3430=CARTESIAN_POINT('',(-2.77377519725323,0.,-0.0220451281416825));
#3431=CARTESIAN_POINT('Origin',(-2.796875,0.,-0.533125));
#3432=CARTESIAN_POINT('',(-2.796875,0.078740157480315,-0.474733655509006));
#3433=CARTESIAN_POINT('',(-2.796875,0.,-0.474733655509006));
#3434=CARTESIAN_POINT('',(-2.796875,0.078740157480315,-0.2665625));
#3435=CARTESIAN_POINT('Origin',(-2.29482634659925,0.,0.00962300568976198));
#3436=CARTESIAN_POINT('',(-2.32585067329962,0.078740157480315,-0.0417335046354965));
#3437=CARTESIAN_POINT('Origin',(-2.29482634659925,0.078740157480315,0.00962300568976198));
#3438=CARTESIAN_POINT('',(-2.32585067329962,0.,-0.0417335046354965));
#3439=CARTESIAN_POINT('Origin',(-2.356875,0.,-0.490376994310239));
#3440=CARTESIAN_POINT('',(-2.296875,0.078740157480315,-0.490376994310239));
#3441=CARTESIAN_POINT('',(-2.296875,0.,-0.490376994310239));
#3442=CARTESIAN_POINT('',(-2.32585067329962,0.078740157480315,-0.541733504635497));
#3443=CARTESIAN_POINT('Origin',(-2.356875,0.078740157480315,-0.490376994310239));
#3444=CARTESIAN_POINT('',(-2.32585067329962,0.,-0.541733504635497));
#3445=CARTESIAN_POINT('Origin',(-2.296875,0.,-0.0331249999999996));
#3446=CARTESIAN_POINT('',(-2.296875,0.078740157480315,-0.0930900149607548));
#3447=CARTESIAN_POINT('',(-2.296875,0.,-0.0930900149607548));
#3448=CARTESIAN_POINT('',(-2.296875,0.078740157480315,-0.0165624999999999));
#3449=CARTESIAN_POINT('Origin',(-1.029125,0.,1.127125));
#3450=CARTESIAN_POINT('',(-1.029125,0.078740157480315,1.187125));
#3451=CARTESIAN_POINT('',(-1.029125,0.,1.187125));
#3452=CARTESIAN_POINT('',(-0.969124999999999,0.078740157480315,1.127125));
#3453=CARTESIAN_POINT('Origin',(-1.029125,0.078740157480315,1.127125));
#3454=CARTESIAN_POINT('',(-0.969124999999999,0.,1.127125));
#3455=CARTESIAN_POINT('Origin',(-2.124625,0.,1.187125));
#3456=CARTESIAN_POINT('',(-2.064625,0.078740157480315,1.187125));
#3457=CARTESIAN_POINT('',(-2.064625,0.,1.187125));
#3458=CARTESIAN_POINT('',(-1.0623125,0.078740157480315,1.187125));
#3459=CARTESIAN_POINT('Origin',(-1.029125,0.,0.716625000000001));
#3460=CARTESIAN_POINT('',(-0.969124999999999,0.078740157480315,0.716625000000001));
#3461=CARTESIAN_POINT('',(-0.969124999999999,0.,0.716625000000001));
#3462=CARTESIAN_POINT('',(-1.029125,0.078740157480315,0.656625000000001));
#3463=CARTESIAN_POINT('Origin',(-1.029125,0.078740157480315,0.716625000000001));
#3464=CARTESIAN_POINT('',(-1.029125,0.,0.656625000000001));
#3465=CARTESIAN_POINT('Origin',(-0.969124999999999,0.,1.187125));
#3466=CARTESIAN_POINT('',(-0.969124999999999,0.078740157480315,0.5935625));
#3467=CARTESIAN_POINT('Origin',(-1.174375,0.,0.596625000000001));
#3468=CARTESIAN_POINT('',(-1.174375,0.078740157480315,0.656625000000001));
#3469=CARTESIAN_POINT('',(-1.234375,0.078740157480315,0.596625000000001));
#3470=CARTESIAN_POINT('Origin',(-1.174375,0.078740157480315,0.596625000000001));
#3471=CARTESIAN_POINT('',(-1.234375,0.,0.596625000000001));
#3472=CARTESIAN_POINT('',(-1.174375,0.,0.656625000000001));
#3473=CARTESIAN_POINT('Origin',(-1.234375,0.,0.656625000000001));
#3474=CARTESIAN_POINT('',(-1.234375,0.078740157480315,0.51294783464564));
#3475=CARTESIAN_POINT('',(-1.234375,0.078740157480315,0.3283125));
#3476=CARTESIAN_POINT('',(-1.234375,0.,0.51294783464564));
#3477=CARTESIAN_POINT('Origin',(-1.294375,0.,0.51294783464564));
#3478=CARTESIAN_POINT('',(-1.294375,0.078740157480315,0.45294783464564));
#3479=CARTESIAN_POINT('Origin',(-1.294375,0.078740157480315,0.51294783464564));
#3480=CARTESIAN_POINT('',(-1.294375,0.,0.45294783464564));
#3481=CARTESIAN_POINT('Origin',(-1.799375,0.,0.51294783464564));
#3482=CARTESIAN_POINT('',(-1.799375,0.078740157480315,0.45294783464564));
#3483=CARTESIAN_POINT('',(-1.799375,0.,0.45294783464564));
#3484=CARTESIAN_POINT('',(-1.859375,0.078740157480315,0.51294783464564));
#3485=CARTESIAN_POINT('Origin',(-1.799375,0.078740157480315,0.51294783464564));
#3486=CARTESIAN_POINT('',(-1.859375,0.,0.51294783464564));
#3487=CARTESIAN_POINT('Origin',(-1.234375,0.,0.45294783464564));
#3488=CARTESIAN_POINT('',(-0.6171875,0.078740157480315,0.45294783464564));
#3489=CARTESIAN_POINT('Origin',(-1.919375,0.,0.596625000000001));
#3490=CARTESIAN_POINT('',(-1.859375,0.078740157480315,0.596625000000001));
#3491=CARTESIAN_POINT('',(-1.919375,0.078740157480315,0.656625000000001));
#3492=CARTESIAN_POINT('Origin',(-1.919375,0.078740157480315,0.596625000000001));
#3493=CARTESIAN_POINT('',(-1.919375,0.,0.656625000000001));
#3494=CARTESIAN_POINT('',(-1.859375,0.,0.596625000000001));
#3495=CARTESIAN_POINT('Origin',(-1.859375,0.,0.656625000000001));
#3496=CARTESIAN_POINT('',(-2.064625,0.078740157480315,0.656625000000001));
#3497=CARTESIAN_POINT('',(-0.9296875,0.078740157480315,0.656625000000001));
#3498=CARTESIAN_POINT('',(-2.064625,0.,0.656625000000001));
#3499=CARTESIAN_POINT('Origin',(-2.064625,0.,0.716625000000001));
#3500=CARTESIAN_POINT('',(-2.124625,0.078740157480315,0.716625000000001));
#3501=CARTESIAN_POINT('Origin',(-2.064625,0.078740157480315,0.716625000000001));
#3502=CARTESIAN_POINT('',(-2.124625,0.,0.716625000000001));
#3503=CARTESIAN_POINT('Origin',(-2.064625,0.,1.127125));
#3504=CARTESIAN_POINT('',(-2.124625,0.078740157480315,1.127125));
#3505=CARTESIAN_POINT('',(-2.124625,0.,1.127125));
#3506=CARTESIAN_POINT('Origin',(-2.064625,0.078740157480315,1.127125));
#3507=CARTESIAN_POINT('Origin',(-2.124625,0.,0.656625000000001));
#3508=CARTESIAN_POINT('',(-2.124625,0.078740157480315,0.3283125));
#3509=CARTESIAN_POINT('Origin',(-2.736875,0.,0.656875000000001));
#3510=CARTESIAN_POINT('',(-2.796875,0.078740157480315,0.656875000000001));
#3511=CARTESIAN_POINT('',(-2.796875,0.,0.656875000000001));
#3512=CARTESIAN_POINT('',(-2.736875,0.078740157480315,0.716875000000001));
#3513=CARTESIAN_POINT('Origin',(-2.736875,0.078740157480315,0.656875000000001));
#3514=CARTESIAN_POINT('',(-2.736875,0.,0.716875000000001));
#3515=CARTESIAN_POINT('Origin',(-2.796875,0.,0.216875000000001));
#3516=CARTESIAN_POINT('',(-2.796875,0.078740157480315,0.25310660077436));
#3517=CARTESIAN_POINT('',(-2.796875,0.,0.25310660077436));
#3518=CARTESIAN_POINT('',(-2.796875,0.078740157480315,0.108437500000001));
#3519=CARTESIAN_POINT('Origin',(-2.356875,0.,0.656875000000001));
#3520=CARTESIAN_POINT('',(-2.356875,0.078740157480315,0.716875000000001));
#3521=CARTESIAN_POINT('',(-2.356875,0.,0.716875000000001));
#3522=CARTESIAN_POINT('',(-2.296875,0.078740157480315,0.656875000000001));
#3523=CARTESIAN_POINT('Origin',(-2.356875,0.078740157480315,0.656875000000001));
#3524=CARTESIAN_POINT('',(-2.296875,0.,0.656875000000001));
#3525=CARTESIAN_POINT('Origin',(-2.796875,0.,0.716875000000001));
#3526=CARTESIAN_POINT('',(-1.3984375,0.078740157480315,0.716875));
#3527=CARTESIAN_POINT('Origin',(-2.736875,0.,0.25310660077436));
#3528=CARTESIAN_POINT('',(-2.77377519725323,0.078740157480315,0.205795128141684));
#3529=CARTESIAN_POINT('',(-2.77377519725323,0.,0.205795128141684));
#3530=CARTESIAN_POINT('Origin',(-2.736875,0.078740157480315,0.25310660077436));
#3531=CARTESIAN_POINT('Origin',(-2.81067539450646,0.,0.158483655509007));
#3532=CARTESIAN_POINT('',(-2.75067539450646,0.078740157480315,0.158483655509007));
#3533=CARTESIAN_POINT('',(-2.75067539450646,0.,0.158483655509007));
#3534=CARTESIAN_POINT('Origin',(-2.81067539450646,0.078740157480315,0.158483655509007));
#3535=CARTESIAN_POINT('Origin',(-2.75067539450646,0.,-0.0331249999999996));
#3536=CARTESIAN_POINT('',(-2.75067539450646,0.078740157480315,0.0252663444909943));
#3537=CARTESIAN_POINT('',(-2.75067539450646,0.,0.0252663444909943));
#3538=CARTESIAN_POINT('',(-2.75067539450646,0.078740157480315,-0.0165624999999999));
#3539=CARTESIAN_POINT('Origin',(-2.356875,0.,0.276840014960756));
#3540=CARTESIAN_POINT('',(-2.296875,0.078740157480315,0.276840014960756));
#3541=CARTESIAN_POINT('',(-2.296875,0.,0.276840014960756));
#3542=CARTESIAN_POINT('Origin',(-2.356875,0.078740157480315,0.276840014960756));
#3543=CARTESIAN_POINT('Origin',(-2.81067539450646,0.,0.0252663444909943));
#3544=CARTESIAN_POINT('Origin',(-2.81067539450646,0.078740157480315,0.0252663444909943));
#3545=CARTESIAN_POINT('Origin',(-2.356875,0.,-0.0930900149607548));
#3546=CARTESIAN_POINT('Origin',(-2.356875,0.078740157480315,-0.0930900149607548));
#3547=CARTESIAN_POINT('Origin',(-2.69067539450646,0.,-0.726103092829177));
#3548=CARTESIAN_POINT('',(-2.69067539450646,0.078740157480315,-0.786103092829177));
#3549=CARTESIAN_POINT('',(-2.69067539450646,0.,-0.786103092829177));
#3550=CARTESIAN_POINT('',(-2.75067539450646,0.078740157480315,-0.726103092829177));
#3551=CARTESIAN_POINT('Origin',(-2.69067539450646,0.078740157480315,-0.726103092829177));
#3552=CARTESIAN_POINT('',(-2.75067539450646,0.,-0.726103092829177));
#3553=CARTESIAN_POINT('Origin',(-2.35482634659925,0.,-0.786103092829177));
#3554=CARTESIAN_POINT('',(-2.41482634659925,0.078740157480315,-0.786103092829177));
#3555=CARTESIAN_POINT('',(-2.41482634659925,0.,-0.786103092829177));
#3556=CARTESIAN_POINT('',(-1.17741317329962,0.078740157480315,-0.786103092829177));
#3557=CARTESIAN_POINT('Origin',(-2.81067539450646,0.,-0.569356600774359));
#3558=CARTESIAN_POINT('',(-2.75067539450646,0.078740157480315,-0.569356600774359));
#3559=CARTESIAN_POINT('',(-2.77377519725323,0.078740157480315,-0.522045128141683));
#3560=CARTESIAN_POINT('Origin',(-2.81067539450646,0.078740157480315,-0.569356600774359));
#3561=CARTESIAN_POINT('',(-2.77377519725323,0.,-0.522045128141683));
#3562=CARTESIAN_POINT('',(-2.75067539450646,0.,-0.569356600774359));
#3563=CARTESIAN_POINT('Origin',(-2.736875,0.,-0.474733655509006));
#3564=CARTESIAN_POINT('Origin',(-2.736875,0.078740157480315,-0.474733655509006));
#3565=CARTESIAN_POINT('Origin',(-2.29482634659925,0.,-0.593090014960755));
#3566=CARTESIAN_POINT('',(-2.35482634659925,0.078740157480315,-0.593090014960755));
#3567=CARTESIAN_POINT('Origin',(-2.29482634659925,0.078740157480315,-0.593090014960755));
#3568=CARTESIAN_POINT('',(-2.35482634659925,0.,-0.593090014960755));
#3569=CARTESIAN_POINT('Origin',(-2.35482634659925,0.,-0.533125));
#3570=CARTESIAN_POINT('',(-2.35482634659925,0.078740157480315,-0.726103092829177));
#3571=CARTESIAN_POINT('',(-2.35482634659925,0.078740157480315,-0.2665625));
#3572=CARTESIAN_POINT('',(-2.35482634659925,0.,-0.726103092829177));
#3573=CARTESIAN_POINT('Origin',(-2.41482634659925,0.,-0.726103092829177));
#3574=CARTESIAN_POINT('Origin',(-2.41482634659925,0.078740157480315,-0.726103092829177));
#3575=CARTESIAN_POINT('Origin',(0.894125,0.,0.465625));
#3576=CARTESIAN_POINT('',(0.694125,0.078740157480315,0.465625));
#3577=CARTESIAN_POINT('',(0.694125,0.,0.465625));
#3578=CARTESIAN_POINT('',(0.894125,0.078740157480315,0.665625));
#3579=CARTESIAN_POINT('Origin',(0.894125,0.078740157480315,0.465625));
#3580=CARTESIAN_POINT('',(0.894125,0.,0.665625));
#3581=CARTESIAN_POINT('Origin',(0.694125000000001,0.,-1.224625));
#3582=CARTESIAN_POINT('',(0.694125000000001,0.078740157480315,-1.024625));
#3583=CARTESIAN_POINT('',(0.694125000000001,0.,-1.024625));
#3584=CARTESIAN_POINT('',(0.694125000000001,0.078740157480315,-0.6123125));
#3585=CARTESIAN_POINT('Origin',(1.119125,0.,0.865625));
#3586=CARTESIAN_POINT('',(1.119125,0.078740157480315,0.665625));
#3587=CARTESIAN_POINT('',(1.319125,0.078740157480315,0.865625));
#3588=CARTESIAN_POINT('Origin',(1.119125,0.078740157480315,0.865625));
#3589=CARTESIAN_POINT('',(1.319125,0.,0.865625));
#3590=CARTESIAN_POINT('',(1.119125,0.,0.665625));
#3591=CARTESIAN_POINT('Origin',(1.319125,0.,0.665625));
#3592=CARTESIAN_POINT('',(1.319125,0.078740157480315,0.980874999999999));
#3593=CARTESIAN_POINT('',(1.319125,0.078740157480315,0.3328125));
#3594=CARTESIAN_POINT('',(1.319125,0.,0.980874999999999));
#3595=CARTESIAN_POINT('Origin',(1.519125,0.,0.980874999999999));
#3596=CARTESIAN_POINT('',(1.519125,0.078740157480315,1.180875));
#3597=CARTESIAN_POINT('Origin',(1.519125,0.078740157480315,0.980874999999999));
#3598=CARTESIAN_POINT('',(1.519125,0.,1.180875));
#3599=CARTESIAN_POINT('Origin',(2.274625,0.,0.980875));
#3600=CARTESIAN_POINT('',(2.274625,0.078740157480315,1.180875));
#3601=CARTESIAN_POINT('',(2.274625,0.,1.180875));
#3602=CARTESIAN_POINT('',(2.474625,0.078740157480315,0.980875));
#3603=CARTESIAN_POINT('Origin',(2.274625,0.078740157480315,0.980875));
#3604=CARTESIAN_POINT('',(2.474625,0.,0.980875));
#3605=CARTESIAN_POINT('Origin',(1.319125,0.,1.180875));
#3606=CARTESIAN_POINT('',(0.6595625,0.078740157480315,1.180875));
#3607=CARTESIAN_POINT('Origin',(2.274625,0.,-1.024625));
#3608=CARTESIAN_POINT('',(2.474625,0.078740157480315,-1.024625));
#3609=CARTESIAN_POINT('',(2.474625,0.,-1.024625));
#3610=CARTESIAN_POINT('',(2.274625,0.078740157480315,-1.224625));
#3611=CARTESIAN_POINT('Origin',(2.274625,0.078740157480315,-1.024625));
#3612=CARTESIAN_POINT('',(2.274625,0.,-1.224625));
#3613=CARTESIAN_POINT('Origin',(2.474625,0.,1.180875));
#3614=CARTESIAN_POINT('',(2.474625,0.078740157480315,0.5904375));
#3615=CARTESIAN_POINT('Origin',(0.894125000000001,0.,-1.024625));
#3616=CARTESIAN_POINT('',(0.894125000000001,0.078740157480315,-1.224625));
#3617=CARTESIAN_POINT('',(0.894125000000001,0.,-1.224625));
#3618=CARTESIAN_POINT('Origin',(0.894125000000001,0.078740157480315,-1.024625));
#3619=CARTESIAN_POINT('Origin',(2.474625,0.,-1.224625));
#3620=CARTESIAN_POINT('',(1.2373125,0.078740157480315,-1.224625));
#3621=CARTESIAN_POINT('Origin',(-2.75067539450646,0.,-0.786103092829177));
#3622=CARTESIAN_POINT('',(-2.75067539450646,0.078740157480315,-0.393051546414589));
#3623=CARTESIAN_POINT('Origin',(0.,0.078740157480315,-1.74838271594513E-16));
#3624=CARTESIAN_POINT('',(2.875,0.078740157480315,1.3125));
#3625=CARTESIAN_POINT('',(2.875,0.078740157480315,-1.3125));
#3626=CARTESIAN_POINT('',(2.875,0.078740157480315,1.3125));
#3627=CARTESIAN_POINT('',(-2.875,0.078740157480315,-1.3125));
#3628=CARTESIAN_POINT('',(2.875,0.078740157480315,-1.3125));
#3629=CARTESIAN_POINT('',(-2.875,0.078740157480315,1.3125));
#3630=CARTESIAN_POINT('',(-2.875,0.078740157480315,-1.3125));
#3631=CARTESIAN_POINT('',(-2.875,0.078740157480315,1.3125));
#3632=CARTESIAN_POINT('',(2.474625,0.078740157480315,0.5904375));
#3633=CARTESIAN_POINT('',(0.3470625,0.078740157480315,0.665625));
#3634=CARTESIAN_POINT('',(-2.296875,0.078740157480315,0.358437500000001));
#3635=CARTESIAN_POINT('',(-0.484562499999999,0.078740157480315,0.656625));
#3636=CARTESIAN_POINT('',(-1.859375,0.078740157480315,0.22647391732282));
#3637=CARTESIAN_POINT('',(0.429694881889733,0.078740157480315,-1.0781151574803));
#3638=CARTESIAN_POINT('',(0.429694881889733,0.078740157480315,0.413577755905482));
#3639=CARTESIAN_POINT('',(0.429694881889733,0.078740157480315,-0.62530757874015));
#3640=CARTESIAN_POINT('',(-1.99219488188972,0.078740157480315,0.413577755905483));
#3641=CARTESIAN_POINT('',(0.214847440944867,0.078740157480315,0.413577755905482));
#3642=CARTESIAN_POINT('',(-1.99219488188972,0.078740157480315,-1.0781151574803));
#3643=CARTESIAN_POINT('',(-1.99219488188972,0.078740157480315,0.206788877952741));
#3644=CARTESIAN_POINT('',(-1.11719488188972,0.078740157480315,-1.0781151574803));
#3645=CARTESIAN_POINT('',(-1.99219488188972,0.078740157480315,-1.0781151574803));
#3646=CARTESIAN_POINT('',(-1.11719488188972,0.078740157480315,-1.2506151574803));
#3647=CARTESIAN_POINT('',(-1.11719488188972,0.078740157480315,-1.0781151574803));
#3648=CARTESIAN_POINT('',(-0.445305118110267,0.078740157480315,-1.2506151574803));
#3649=CARTESIAN_POINT('',(-0.996097440944861,0.078740157480315,-1.2506151574803));
#3650=CARTESIAN_POINT('',(-0.445305118110267,0.078740157480315,-1.0781151574803));
#3651=CARTESIAN_POINT('',(-0.445305118110267,0.078740157480315,-1.2506151574803));
#3652=CARTESIAN_POINT('',(-0.445305118110267,0.078740157480315,-1.0781151574803));
#3653=CARTESIAN_POINT('',(2.606875,0.078740157480315,1.119375));
#3654=CARTESIAN_POINT('Origin',(2.681875,0.078740157480315,1.119375));
#3655=CARTESIAN_POINT('',(-2.756875,0.078740157480315,1.119375));
#3656=CARTESIAN_POINT('Origin',(-2.681875,0.078740157480315,1.119375));
#3657=CARTESIAN_POINT('',(2.606875,0.078740157480315,-1.119375));
#3658=CARTESIAN_POINT('Origin',(2.681875,0.078740157480315,-1.119375));
#3659=CARTESIAN_POINT('',(-2.756875,0.078740157480315,-1.119375));
#3660=CARTESIAN_POINT('Origin',(-2.681875,0.078740157480315,-1.119375));
#3661=CARTESIAN_POINT('Origin',(2.474625,0.,1.180875));
#3662=CARTESIAN_POINT('Origin',(-1.61719488188972,0.,0.413577755905483));
#3663=CARTESIAN_POINT('',(-1.99219488188972,0.062992125984252,0.0385777559054826));
#3664=CARTESIAN_POINT('',(-1.99219488188972,0.0393700787401575,0.0385777559054824));
#3665=CARTESIAN_POINT('',(-1.61719488188972,0.062992125984252,0.413577755905483));
#3666=CARTESIAN_POINT('',(-1.99219488188972,0.062992125984252,0.0385777559054826));
#3667=CARTESIAN_POINT('',(-1.61719488188972,0.0393700787401575,0.413577755905483));
#3668=CARTESIAN_POINT('Origin',(-1.80469488188972,0.062992125984252,0.226077755905483));
#3669=CARTESIAN_POINT('',(-1.99219488188972,0.062992125984252,0.413577755905483));
#3670=CARTESIAN_POINT('',(-0.687499999999994,0.062992125984252,0.413577755905482));
#3671=CARTESIAN_POINT('',(-1.99219488188972,0.062992125984252,0.319827755905483));
#3672=CARTESIAN_POINT('Origin',(0.429694881889733,0.,0.0385777559054823));
#3673=CARTESIAN_POINT('',(0.0546948818897335,0.062992125984252,0.413577755905482));
#3674=CARTESIAN_POINT('',(0.0546948818897334,0.0393700787401575,0.413577755905482));
#3675=CARTESIAN_POINT('',(0.429694881889733,0.062992125984252,0.0385777559054823));
#3676=CARTESIAN_POINT('',(0.0546948818897335,0.062992125984252,0.413577755905482));
#3677=CARTESIAN_POINT('',(0.429694881889733,0.0393700787401575,0.0385777559054821));
#3678=CARTESIAN_POINT('Origin',(0.242194881889733,0.062992125984252,0.226077755905482));
#3679=CARTESIAN_POINT('',(0.429694881889733,0.062992125984252,0.413577755905482));
#3680=CARTESIAN_POINT('',(0.429694881889733,0.062992125984252,-0.512268700787409));
#3681=CARTESIAN_POINT('',(0.335944881889733,0.062992125984252,0.413577755905482));
#3682=CARTESIAN_POINT('Origin',(-1.99219488188972,0.,-0.7031151574803));
#3683=CARTESIAN_POINT('',(-1.61719488188972,0.062992125984252,-1.0781151574803));
#3684=CARTESIAN_POINT('',(-1.61719488188972,0.0393700787401575,-1.0781151574803));
#3685=CARTESIAN_POINT('',(-1.99219488188972,0.062992125984252,-0.7031151574803));
#3686=CARTESIAN_POINT('',(-1.61719488188972,0.062992125984252,-1.0781151574803));
#3687=CARTESIAN_POINT('',(-1.99219488188972,0.0393700787401575,-0.703115157480301));
#3688=CARTESIAN_POINT('Origin',(-1.80469488188972,0.062992125984252,-0.8906151574803));
#3689=CARTESIAN_POINT('',(-1.99219488188972,0.062992125984252,-1.0781151574803));
#3690=CARTESIAN_POINT('',(-1.46094488188972,0.062992125984252,-1.0781151574803));
#3691=CARTESIAN_POINT('',(-1.99219488188972,0.062992125984252,-0.238518700787409));
#3692=CARTESIAN_POINT('Origin',(0.0546948818897333,0.,-1.0781151574803));
#3693=CARTESIAN_POINT('',(0.429694881889733,0.062992125984252,-0.703115157480301));
#3694=CARTESIAN_POINT('',(0.429694881889733,0.0393700787401575,-0.703115157480301));
#3695=CARTESIAN_POINT('',(0.0546948818897333,0.062992125984252,-1.0781151574803));
#3696=CARTESIAN_POINT('',(0.429694881889733,0.062992125984252,-0.703115157480301));
#3697=CARTESIAN_POINT('',(0.0546948818897332,0.0393700787401575,-1.0781151574803));
#3698=CARTESIAN_POINT('Origin',(0.242194881889733,0.062992125984252,-0.8906151574803));
#3699=CARTESIAN_POINT('',(0.429694881889733,0.062992125984252,-1.0781151574803));
#3700=CARTESIAN_POINT('',(0.429694881889733,0.062992125984252,-1.0706151574803));
#3701=CARTESIAN_POINT('',(0.335944881889733,0.062992125984252,-1.0781151574803));
#3702=CARTESIAN_POINT('Origin',(0.429694881889733,0.078740157480315,-1.0781151574803));
#3703=CARTESIAN_POINT('',(0.429694881889733,0.078740157480315,-1.0781151574803));
#3704=CARTESIAN_POINT('',(-0.445305118110267,0.078740157480315,-1.0781151574803));
#3705=CARTESIAN_POINT('Origin',(-0.445305118110267,0.078740157480315,-1.0781151574803));
#3706=CARTESIAN_POINT('',(-0.445305118110267,0.078740157480315,-1.2506151574803));
#3707=CARTESIAN_POINT('Origin',(-1.11719488188972,0.078740157480315,-1.2506151574803));
#3708=CARTESIAN_POINT('',(-1.11719488188972,0.078740157480315,-1.2506151574803));
#3709=CARTESIAN_POINT('',(-1.11719488188972,0.078740157480315,-1.0781151574803));
#3710=CARTESIAN_POINT('Origin',(-1.11719488188972,0.078740157480315,-1.0781151574803));
#3711=CARTESIAN_POINT('',(-1.99219488188972,0.078740157480315,-1.0781151574803));
#3712=CARTESIAN_POINT('Origin',(-1.99219488188972,0.078740157480315,-1.2506151574803));
#3713=CARTESIAN_POINT('Origin',(-1.99219488188972,0.078740157480315,0.413577755905483));
#3714=CARTESIAN_POINT('',(-1.99219488188972,0.078740157480315,0.413577755905483));
#3715=CARTESIAN_POINT('Origin',(-0.969124999999999,0.,0.656625000000001));
#3716=CARTESIAN_POINT('Origin',(-1.859375,0.,0.45294783464564));
#3717=CARTESIAN_POINT('Origin',(-2.681875,0.,-1.119375));
#3718=CARTESIAN_POINT('',(-2.756875,0.,-1.119375));
#3719=CARTESIAN_POINT('Origin',(2.681875,0.,-1.119375));
#3720=CARTESIAN_POINT('',(2.606875,0.,-1.119375));
#3721=CARTESIAN_POINT('Origin',(-2.681875,0.,1.119375));
#3722=CARTESIAN_POINT('',(-2.756875,0.,1.119375));
#3723=CARTESIAN_POINT('Origin',(-2.296875,0.,0.716875000000001));
#3724=CARTESIAN_POINT('Origin',(2.681875,0.,1.119375));
#3725=CARTESIAN_POINT('',(2.606875,0.,1.119375));
#3726=CARTESIAN_POINT('Origin',(0.694125,0.,0.665625));
#3727=CARTESIAN_POINT('Origin',(0.429694881889733,0.078740157480315,0.413577755905482));
#3728=CARTESIAN_POINT('',(0.429694881889733,0.078740157480315,0.413577755905482));
#3729=CARTESIAN_POINT('Origin',(0.429694881889733,0.078740157480315,-1.2506151574803));
#3730=CARTESIAN_POINT('Origin',(-2.875,0.,1.3125));
#3731=CARTESIAN_POINT('',(2.875,0.,1.3125));
#3732=CARTESIAN_POINT('',(-2.875,0.,1.3125));
#3733=CARTESIAN_POINT('Origin',(-2.875,0.,-1.3125));
#3734=CARTESIAN_POINT('',(-2.875,0.,-1.3125));
#3735=CARTESIAN_POINT('Origin',(2.875,0.,-1.3125));
#3736=CARTESIAN_POINT('',(2.875,0.,-1.3125));
#3737=CARTESIAN_POINT('Origin',(2.875,0.,1.3125));
#3738=UNCERTAINTY_MEASURE_WITH_UNIT(LENGTH_MEASURE(0.000393700787401575),
#3744,'DISTANCE_ACCURACY_VALUE',
'Maximum model space distance between geometric entities at asserted c
onnectivities');
#3739=UNCERTAINTY_MEASURE_WITH_UNIT(LENGTH_MEASURE(0.000393700787401575),
#3744,'DISTANCE_ACCURACY_VALUE',
'Maximum model space distance between geometric entities at asserted c
onnectivities');
#3740=(
GEOMETRIC_REPRESENTATION_CONTEXT(3)
GLOBAL_UNCERTAINTY_ASSIGNED_CONTEXT((#3738))
GLOBAL_UNIT_ASSIGNED_CONTEXT((#3744,#3748,#3749))
REPRESENTATION_CONTEXT('','3D')
);
#3741=(
GEOMETRIC_REPRESENTATION_CONTEXT(3)
GLOBAL_UNCERTAINTY_ASSIGNED_CONTEXT((#3739))
GLOBAL_UNIT_ASSIGNED_CONTEXT((#3744,#3748,#3749))
REPRESENTATION_CONTEXT('','3D')
);
#3742=DIMENSIONAL_EXPONENTS(1.,0.,0.,0.,0.,0.,0.);
#3743=DIMENSIONAL_EXPONENTS(0.,1.,0.,0.,0.,0.,0.);
#3744=(
CONVERSION_BASED_UNIT('inch',#3747)
LENGTH_UNIT()
NAMED_UNIT(#3742)
);
#3745=(
LENGTH_UNIT()
NAMED_UNIT(*)
SI_UNIT(.MILLI.,.METRE.)
);
#3746=(
LENGTH_UNIT()
NAMED_UNIT(*)
SI_UNIT(.CENTI.,.METRE.)
);
#3747=LENGTH_MEASURE_WITH_UNIT(LENGTH_MEASURE(25.4),#3745);
#3748=(
NAMED_UNIT(*)
PLANE_ANGLE_UNIT()
SI_UNIT($,.RADIAN.)
);
#3749=(
NAMED_UNIT(*)
SI_UNIT($,.STERADIAN.)
SOLID_ANGLE_UNIT()
);
#3750=SHAPE_DEFINITION_REPRESENTATION(#3751,#3752);
#3751=PRODUCT_DEFINITION_SHAPE('',$,#3754);
#3752=SHAPE_REPRESENTATION('',(#2262),#3740);
#3753=PRODUCT_DEFINITION_CONTEXT('part definition',#3758,'design');
#3754=PRODUCT_DEFINITION('Nav Panel Backplate','Nav Panel Backplate',#3755,
#3753);
#3755=PRODUCT_DEFINITION_FORMATION('',$,#3760);
#3756=PRODUCT_RELATED_PRODUCT_CATEGORY('Nav Panel Backplate',
'Nav Panel Backplate',(#3760));
#3757=APPLICATION_PROTOCOL_DEFINITION('international standard',
'automotive_design',2009,#3758);
#3758=APPLICATION_CONTEXT(
'Core Data for Automotive Mechanical Design Process');
#3759=PRODUCT_CONTEXT('part definition',#3758,'mechanical');
#3760=PRODUCT('Nav Panel Backplate','Nav Panel Backplate',$,(#3759));
#3761=PRESENTATION_STYLE_ASSIGNMENT((#3762));
#3762=SURFACE_STYLE_USAGE(.BOTH.,#3765);
#3763=SURFACE_STYLE_RENDERING_WITH_PROPERTIES($,#3769,(#3764));
#3764=SURFACE_STYLE_TRANSPARENT(0.);
#3765=SURFACE_SIDE_STYLE('',(#3766,#3763));
#3766=SURFACE_STYLE_FILL_AREA(#3767);
#3767=FILL_AREA_STYLE('',(#3768));
#3768=FILL_AREA_STYLE_COLOUR('',#3769);
#3769=COLOUR_RGB('',0.0196078431372549,0.0196078431372549,0.0196078431372549);
ENDSEC;
END-ISO-10303-21;
